AdapterInfo { name: "Apple M1 Max", vendor: 0, device: 0, device_type: IntegratedGpu, driver: "", driver_info: "", backend: Metal }
samples: 1000
test,mean,median,min,max,plot
embrace.svg,81.38µs,85.25µs,14.42µs,3.60ms,█▆▁▁▁▁▁▁▁▁▁▁▁▁▁▁▁▁▁▁▁▁▁▁▁▁▁▁▁▁▁▁▁▁▁▁▁▁▁▁▁▁▁▁▂▁▁▁▁▁▁▁▁▁▁▁▁▁▁▁▁▁▁▁▁▁▁▁▁▁▁▁▁▁▁▁▁▁▁▁▁▁▁▁▁▁▁▁▁▁▁▁▁▁▁▁▁▁▁▁▁▁▁▁▁▁▁▁▁▁▁▁▁▁▁▁▁▁▁▁▁▁▁▁▁▁▁▁▁▁▁▁▁▁▁▁▁▁▁▁▁▁▁▁▁▁▁▁▁▁▁▁▁▁▁▁▁▁▁▁▁▁▁▁▁▁▁▁▁▁▁▁▁▁▁▁▁▁▁▁▁▁▁▁▁▁▁▁▁▁▁▁▁▁▁▁▁▁▁▁▁▁▁▁▁▁▁▁▁▁▁▁▁▁▁▁▁▁▁▁▁▁▁▁▁▁▁▁▁▁▁▁▁▁▁▁▁▁▁▁▁▁▁▁▁▁▁▁▁▁▁▁▁▁▁▁▁▁▁▁▁▁▁▁▁▁▁▁▁▁▁▁▁▁▁▁▁▁▁▁▁▁▁▁▁▁▁▁▁▁▁▁▁▁▁▁▁▁▁▁▁▁▁▁▁▁▁▁▁▁▁▁▁▁▁▁▁▁▁▁▁▁▁▁▁▁▁▁▁▁▁▁▁▁▁▁▁▁▁▁▁▁▁▁▁▁▁▁▁▁▁▁▁▁▁▁▁▁▁▁▁▁▁▁▁▁▁▁▁▁▁▁▁▁▁▁▁▁▁▁▁▁▁▁▁▁▁▁▁▁▁▁▁▁▁▁▁▁▁▁▁▁▁▁▁▁▁▁▁▁▁▁▁▁▁▁▁▁▁▁▁▁▁▁▁▁▁▁▁▁▁▁▁▁▁▁▁▁▁▁▁▁▁▁▁▁▁▁▁▁▁▁▁▁▁▁▁▁▁▁▁▁▁▁▁▁▁▁▁▁▁▁▁▁▁▁▁▁▁▁▁▁▁▁▁▁▁▁▁▁▁▁▁▁▁▁▁▁▁▁▁▁▁▁▁▁▁▁▁▁▁▁▁▁▁▁▁▁▁▁▁▁▁▁▁▁▁▁▁▁▁▁▁▁▁▁▁▁▁▁▁▁▁▁▁▁▁▁▁▁▁▁▁▁▁▁▁▁▁▁▁▁▁▁▁▁▁▁▁▁▁▁▁▁▁▁▁▁▁▁▁▁▁▁▁▁▁▁▁▁▁▁▁▁▁▁▁▂▁▁▁▁▁▁▁▁▁▁▁▁▁▁▁▁▁▁▁▁▁▁▁▁▁▁▁▁▁▁▁▁▁▁▁▁▁▁▁▁▁▁▁▁▁▁▁▁▁▁▁▁▁▁▁▁▁▁▁▁▁▁▁▁▁▁▁▁▁▁▁▁▁▁▁▁▁▁▁▁▁▁▁▁▁▁▁▁▁▁▁▁▁▁▁▁▁▁▁▁▂▁▁▁▁▁▁▁▁▁▁▁▁▁▁▁▁▁▁▁▁▁▁▁▁▁▁▁▁▁▁▁▁▁▁▁▁▁▁▁▁▁▁▁▁▁▁▁▁▁▁▁▁▁▁▁▁▁▁▁▁▁▁▁▁▁▁▁▁▁▁▁▁▁▁▁▁▁▁▁▁▁▁▁▁▁▁▁▁▁▁▁▁▁▁▁▁▁▁▁▁▁▁▁▁▁▁▁▁▁▁▁▁▁▁▁▁▁▁▁▁▁▁▁▁▁▁▁▁▁▁▁▁▁▁▁▁▁▁▁▁▁▁▁▁▁▁▁▁▁▁▁▁▁▁▁▁▁▁▁▁▁▁▁▁▁▁▁▁▁▁▁▁▁▁▁▁▁▁▁▁▁▁▁▁▁▁▁▁▁▁▁▁▁▁▁▁▁▁▁▁▁▁▁▁▁▁▁▁▁▁▁▁▁▁▁▁▁▁▁▁▁▁▁▁▁▁▁▁▁▁▁▁▁▁▁▁▁▁▁▁▁▁▁▁▁▁▁▁▁▁▁▁▁▁▁▁▁▁▁▁▁▁▁▁▁▁▁▁▁▁▁▁▁▁▁▁▁▁▁▁▁▁▁▁▁▁▁▁▁▁▁▁▁▁▁▁▁▁▁▁▁
paris-30k.svg,231.30µs,128.42µs,16.96µs,1.09ms,▁▂▂▆▂▂▂▂▂▂▂▂▂▂▂▂▄▂▂▂▂▂▂▂▂▂▃▇▂▂▂▂▂▅▇▂▂▂▁▂▂▂▇▂▂▂▅▂▂▂▇▆▂▂▂▂▆▂▅▂▂▂▂▂▂▂▂▂▂▅▂▂▂▂▂▆▂▂▂▂▂▂▇▂▇▂▁▂▂▂▂▂▂▂▁▂▄▂▃▂▂▂▂▂▂▂▇▂▂▂▂▂▂▂▂█▂█▂▂▂▂▂▂▁▂▁▂▂▂▂▂▂▂▂▂█▂▃▂▂▂▂▅▂▂▂▂▂▂▂▂▂▂█▂▂▂▂▂▂▂▂▂▇▂▂▂▂▂▂▂▂▂▂▂▂▂▂▂▂▂▂▂▁▂▆▅█▂▄▂▂▂▂▅▅▂▂▂▂▂▂▂▂▄█▇█▂▂▂▂▂▁▂▂▂▂▂█▂▂▂▂▂▇▂▂▂▂█▂▃▂▂▅▂▂▂▂▂▂▂▂▂▂▂▂▂▂▂▂▂▂▅▂▂▇▂▂▂▂▇▂▂▆▂▂▂▂▂▆▂▂▂▂▅▂▂▂▂▂▂▂▂▂▂▂▂▂█▂▂▂▂▂▂▂▂▂▂▂▂▂▇▂▂▂▂▂▂▂█▂▂▂▂▅▇█▂▂▂▂▂▇▂▂▂▂▂▂▂▂▂▂▂█▂▂▂▂█▂██▂█▂▅▂▇▂▅▂█▂▂▂▂█▂▂▇▅▂▅█▂▂▂▂▂▅▂▂▂█▂▂▂▂▄▂▂▂▂▂▂▂█▂▂▂▂▂▅▂▂▂▅▂▂▅▂▂▂▂▂▂▂▂▂▂▂▂▂▂▂▇▂▂▂▆▂▂▂▂▂▂▂▂█▂▂▂▄▂▂▂▂▂▅▂▂█▂▂▂▂█▂▇▂▂▂▂▂█▂▂▂▂▂▂▂▂█▂▂▁▂▂▂▆▄▂▂▂▂▂▂▂▂▂▂▂▂▂▂▂▆▅▂▂▂▂▂▂▂▂▂▂▂▁▂▂▂▄▂▂█▂▂▂▆▂▂▂▂▂▂▂█▂▂▂▇▂▂▂▂▂▂▂▇▇█▂▂▂▂▇▂▂▂▇▇▂▂▂▂▂▂▂█▂█▂▂▂▂▂▂▆▂▂▂▂▂▂▂▂▂▂▂▂▂▂▂▂▂█▂▂▂▂▂█▅▂▂▂▂▂▂▁▂▂▂▂▂█▂▂▂▂▂▂▂▂▂▂▂▂▁▂▂▂▂▂▂▂▂▂▂▂▂▂▂▂▂▂▂▂▆▂▂▂▂▂▂▂▂▂▅▂▂▂▂▂▂▂▂▂▂▂▂▂▂▂▂▂▁▂█▇▂▂▂▂▂▂▂▂▂▅▂█▂▂▂▃▂▂▂▂▂▂▇▂▂▂▂▂▂▂▂▂▂▂▂▂▂█▂▂▂▂▂▂▅▂▂▂▂▂▂▂▂▂▁▂▂█▂▂▂▂▂▇▂▂▂▂█▂▂▂▂▂▂▂█▂▂▂█▂▂▂▂▂▂▃▂▂▂▂▂▂▂█▇▂▂▂▂▂▂▂▂▂▂▂▂▂▂▂▅▂▂▂▂▂▇▂▂▂▂▂▂▂▂▂▂▁▂▂▅▂▂▂▂▂▂▂▂▂▂▂▂▂█▂▂▂▂▂▂▂▂█▂▂▂▂▂▂▂▂▇▂▂▂▂█▃▂▂▂▂▂▆▂▂▂▂▂▂▂▂▂▂▂▂█▂▂▂▂▂▂▂▂▄▅▂▂▂▂▂▂▆▂▂▂▂▂▂▂▂▂▂▂▂▂▂▂▂▂▂▂▂▂▂▂▂▇▂▂▂▂▂▂▂▂▂▂▂▁▂▂▂▆▂▂▂▂▂█▇▂▂▂▂▂▂▂▇▂▂▂▂▂▂▂▂▆▂▂▂▂▂▂▂▂▃▅▂▂▁▂▅▂▂▂▂▂▂▂▂▂▂▂▂▂▂▂▂▂▂▂▂▂▂▂▂▂▂▂▇▂▂▂▂▂▂▂▂▂▂▂▂▂▂▂▂▂
paris-70k.svg,244.16µs,133.54µs,20.79µs,1.45ms,█▂▂▂▅▂▅▁▁▂▁▂▂▅▂▂▂▁▂▂▂▁▂▂▂▂▅▂▂▂▂▂▂▅▂▂▂▂▂▂▂▂▂▂▂▂▅▂▂▂▅▁▂▂▁▁▂▂▁▂▁▅▂▂▂▅▂▂▂▂▂▂▂▂▂▁▂▁▂▂▂▂▁▂▂▁▂▅▂▁▃▅▂▂▂▁▂▂▁▂▂▂▂▂▂▂▂▂▁▂▂▁▂▂▁▁▂▅▅▁▅▂▂▁▂▂▅▂▁▅▂▂▂▅▅▅▂▅▂▅▂▂▂▁▅▅▂▂▁▅▁▁▂▂▅▂▂▅▅▁▂▁▅▃▂▂▅▂▂▅▅▁▂▅▂▁▄▅▅▁▂▂▂▅▂▂▄▅▂▂▄▂▂▂▂▅▂▂▂▂▂▂▂▂▂▂▁▂▅▂▅▅▂▂▂▂▂▂▂▅▂▂▅▁▂▁▃▅▁▂▁▂▁▂▅▂▅▂▅▂▅▅▂▂▂▁▂▅▂▂▁▂▂▂▂▄▂▂▂▅▂▅▂▅▅▅▂▂▅▂▂▂▁▅▂▂▅▁▅▂▃▂▂▂▅▅▂▁▂▅▂▅▂▂▁▂▅▂▂▁▂▂▅▁▁▁▄▂▄▁▂▁▂▅▅▂▂▅▅▂▂▂▂▅▂▂▂▂▂▁▂▅▅▂▂▅▁▂▅▂▂▁▂▄▂▂▁▂▂▂▂▁▂▁▂▅▁▂▅▂▄▅▁▄▂▂▂▂▂▂▅▂▂▂▂▂▅▂▂▂▅▂▁▁▁▁▁▄▂▁▁▃▁▁▄▄▂▁▅▂▁▂▂▃▅▂▂▁▂▂▂▂▁▂▂▂▅▂▂▂▃▁▅▂▂▂▂▅▂▂▂▂▂▂▂▂▅▃▅▁▁▂▂▂▁▅▂▂▁▂▂▁▂▄▂▂▅▅▄▂▅▂▄▅▅▁▂▅▅▄▅▂▂▄▁▄▂▁▂▂▁▂▂▅▂▅▂▂▂▅▂▁▁▂▂▄▄▂▂▂▄▅▂▂▂▁▅▂▂▁▅▂▂▂▅▂▅▅▂▅▂▅▂▅▂▅▃▁▅▁▂▂▂▂▅▂▂▂▄▂▅▅▅▅▂▂▂▂▂▅▂▂▂▁▂▂▁▂▂▂▂▅▂▂▂▅▂▂▂▂▂▂▂▂▂▂▂▅▂▅▂▂▂▂▂▂▂▅▅▂▂▂▂▂▂▂▅▂▂▂▂▂▂▂▂▂▂▂▂▂▂▂▂▂▂▂▁▂▅▂▂▂▂▂▁▅▅▂▂▂▅▂▂▅▂▂▁▅▅▂▅▂▅▂▂▂▂▅▃▂▂▂▂▂▂▂▁▅▂▂▂▂▅▂▁▂▂▂▅▂▅▅▂▁▂▁▁▅▁▂▁▄▁▁▄▁▁▁▁▂▂▂▂▂▅▂▂▂▂▂▂▁▅▂▂▁▂▂▂▂▂▂▂▂▁▂▅▂▂▂▅▂▅▂▂▂▂▁▂▂▂▂▂▁▂▂▁▂▂▂▂▂▂▂▂▂▂▂▂▂▂▂▂▂▅▂▂▂▂▂▂▂▁▂▂▂▂▂▂▂▂▂▂▂▂▂▂▂▂▂▂▂▁▂▂▂▁▂▂▂▂▂▂▂▁▂▂▂▂▂▂▂▂▂▂▂▂▂▁▂▂▁▂▂▅▂▂▂▂▂▂▂▂▂▂▂▂▂▂▂▁▂▅▂▂▂▂▁▂▅▂▂▂▂▂▂▅▁▁▁▂▂▂▂▂▅▂▁▂▂▂▂▂▂▂▂▂▂▂▂▂▁▂▁▃▂▂▂▂▁▂▂▂▂▂▂▂▂▂▂▁▂▂▂▂▂▂▂▂▂▂▂▂▂▂▂▂▁▂▂▂▂▂▂▂▂▂▂▂▂▂▂▂▂▂▂▂▂▂▂▂▂▂▂▂▂▂▂▂▂▅▁▂▂▂▁▂▂▂▂▂▂▂▂▂▁▂▂▂▂▂▂▂▂▂▁▂▂▂▅▂▅▂▂▃▂▂▂▂▂▂▂▂▂▂▁▂▂▂▁▂▂▂▁▂▂▂▂▂▂
tiger.svg,84.40µs,89.79µs,17.75µs,552.29µs,▂▂▂▁▁▂▁▁▂▁▁▁▁▁▁▁▁▁▁▁▂▂▂▂▁▂▁▂▂▂▁▁▁▂▂▂▂▁▁▁▂▂▂▂▁▂▁▁▁▂▁▂▂▂▂▂▂▂▂▁▂▂▁▂▂▁▂▂▁▁▁▁▂▁▂▂▂▁▂▁▂▁▂▂▂▃▁▂▁▁▂▂▁▁▂▁▁▁▂▁▁▁▂▂▁▁▃▂▂▂▂▂▂▁▂▂▂▂▂▁▂▂▂▂▂▂▁▂▂▂▂▁▂▂▂▂▁▁▂▂▅▂▂▂▂▂▁▂▂▂▂▁▂▂▂▂▂▂▂▂▂▁▂▁▁▂▁▂▂▁▁▂▂▂▁▂▁▂▁▂▂▁▁▂▁▂▁▂▁▂▁▁▂▂▂▁▂▂▂▂▂▂▂▂▂▁▂▂▂▂▂▂▂▂▁▂▁▂▂▂▂▂▂▁▂▁▁▂▂▂▂▂▁▂▂▂▂▂▂▁▂▁▁▁▂▁▁▂▂▂▂▁▃▂▂▂▃▁▂▁▂▂▁▂▂▂▂▂▂▁▂▁▂▁▂▂▁▁▂▂▂▂▁▂▂▂▂▂▃▂▂▂▁▂▂▂▁▂▂▂▁▂▁▂▂▂▁▂▁▂▂▂▁▂▂▂▁▂▂▁▂▁▂▂▂▁▂▁▂▂▁▁▂▁▁▂▂▂▂▂▂▂▂▁▂▃▂▁▂▂▂▂▂▂▂▂▂▂▁▂▁▂▂▂▂▂▂▂▂▂▂▂▁▂▂▁▂▂▂▂▃▁▂▂▂▂▂▁▁▂▂▂▂▂▂▂▁▁▁▂▂▂▂▂▂▃▃▂▂▂▂▂▂▂▂▂▂▂▂▂▂▂▂▂▂▂▂▂▂▂▂▂▂▂▂▂▂▂▂▂▂▂▂▂▂▂▂▂▂▂▂▂▂▂▂▂▂▂▂▂▂▂▂▂▂█▂▂▂▂▂▂▂▂▂▂▂▂▂▂▂▂▂▂▂▂▂▂▂▂▂▂▂▂▂▂▂▂▂▂▂▂▂▂▂▂▂▂▂▂▂▂▂▂▃▂▂▂▂▂▂▂▂▂▂▂▂▂▂▂▂▂▂▂▂▂▂▂▂▂▂▂▂▂▂▂▂▂▂▂▂▂▂▂▂▂▂▂▂▂▂▂▂▂▂▂▂▂▂▂▂▂▂▂▂▂▁▂▂▂▂▂▂▂▂▂▂▂▂▂▂▂▂▂▂▂▂▂▂▃▂▂▂▂▂▂▂▂▂▂▃▂▂▂▂▂▂▂▂▂▂▂▂▂▂▂▂▂▂▂▂▂▂▂▂▂▂▂▁▁▂▂▁▂▂▂▂▂▂▂▂▂▁▂▃▂▂▂▂▂▂▂▂▂▂▂▂▂▂▂▂▂▂▂▂▂▂▂▂▃▁▂▂▂▂▂▂▂▁▂▁▂▂▂▂▂▂▁▂▂▂▂▂▂▂▂▂▂▁▂▂▂▂▂▂▂▂▂▂▂▁▂▂▁▁▂▂▂▂▂▂▂▂▂▁▂▂▂▂▂▂▂▂▂▂▂▂▂▂▂▂▂▂▂▂▂▂▃▂▂▂▂▂▂▂▂▂▂▂▂▁▂▂▂▂▂▂▂▂▂▂▂▂▂▂▂▂▂▂▂▂▃▂▂▂▂▂▂▂▂▂▂▂▂▂▂▂▂▂▂▂▃▂▂▂▂▂▂▂▂▂▂▂▂▂▁▂▂▂▂▂▂▂▁▂▂▂▂▂▂▂▂▂▂▂▂▂▂▂▂▂▂▂▂▂▂▂▂▂▂▂▂▂▂▂▂▂▂▂▂▂▂▂▂▂▂▂▂▂▂▂▂▂▂▂▂▂▂▂▂▂▂▂▂▂▂▂▂▂▂▂▂▂▂▂▂▂▂▂▂▂▂▂▂▁▂▁▁▂▁▂▁▂▂▂▁▂▂▂▂▂▂▂▂▂▂▂▂▂▂▂▂▂▂▂▂▂▂▂▂▂▂▂▂▂▂▂▂▂▂▂▂▂▂▂▂▂▂▂▂▂▂▂▂▂▂▂▂▂▂▂▂▂▂▂▂▂▂▂▂▂▂▂▂▂▂▂▂▂▂
paris-50k.svg,267.65µs,129.63µs,21.08µs,940.71µs,▂▂▂▂▂▂▂▂▂▂▇▂▂▂▇▂▂▂▇▂▂▂▂▂▂▂▂▂▂▂▂▂▂▇▂▂▂▂▂▂▇▂▂▂▂▂▂▂▂▂▇▂▂▂▂▂▁▂▂▂▇▁▂▂▂▇▂▇▂▂▂▂▇▂▂▇▂▂▂▂▂▂▂▂▂▂▂▂▂▂▂▇▂▂▂▂▂▂▂▇▃▇▂▇▂▂▂▂▂▂▂▂▂▂▂▂▂▂▂▂▇▂▂▂▂▇▂▇▂▂▂▂▂▂▂▂▂▂▂▂▇▂▂▂▂▂▂▂▇▂▂▂▂▂▇▂▂▂▂▃▂▇▇▂▂▂▂▂▂▂▂▂▇▂▂▂▂▂▂▂▂▇▂▂▇▁▂▂▂▂▇▂▂▂▂▂▂▂▂▂▂▂▂▂▇▂▇▂█▂▂▂▂▂▂▂▂▂▂▂▇▂▂▂▂▅▂▇▂▂▇▇▂▇▁▂▂▇▂▂▂▂▂▂▂▂▂▁▂▂▂▁▂▂▂▂▇▇▇▂▂▇▂▂▇▇▂▂▂▂▂▂▂▂▂▂▂▅▂▂▂▂▂▂▅▂▂▂▂▃▂▂▂▂▅▂▂▂▂▂▂▅▂▂▅▄▂▅▂▂▂▂▅▂▂▂▂▂▂▅▂▅▂▂▅▂▂▆▂▂▂▅▂▅▂▂▂▂▂▂▅▂▂▂▂▂▇▂▂▇▇▇▇▂▂▂▂▂▇▂▂▇▂▂▂▂▂▂▂▂▂▇▇▇▇▂▂▂▂▂▂▇▇▇▇▂▂▂▂▂▂▂▂▂▂▂▂▂▂▂▂▂▂▂▂▂▂▂▂▇▂▂▂▂▇▂▇▂▇▂▂▂▂▃▂▇▂▇▂▂▂▂▇▇▂▂▂▇▂▂▂▂▇▇▂▂▂▇▂▂▂▂▇▂▇▂▂▇▂▂▂▂▇▇▂▂▂▂▂▂▇▂▂▂▇▂▂▇▂▂▂▇▇▂▂▂▇▇▂▂▁▇▂▇▂▂▇▂▂▇▂▂▇▂▇▂▇▂▇▂▂▇▂▂▂▂▂▇▇▂▂▇▇▃▇▂▂▂▇▂▇▂▂▂▇▂▂▇▂▂▂▂▂▂▂▂▂▇▃▂▂▇▂▂▂▂▂▂▇▂▂▂▂▁▂▂▂▁▂▂▂▂▂▇▇▇▂▂▂▂▂▂▂▇▂▂▂▂▂▇▂▂▂▂▇▂▂▂▂▇▂▇▂▂▂▂▇▂▂▂▂▇▂▇▂▂▇▂▂▂▂▂▂▇▇▂▂▇▂▂▂▂▂▂▇▂▂▂▂▂▂▂▇▂▇▂▂▂▂▂▂▂▂▂▂▂▂▂▂▂▂▂▂▂▂▂▇▇▇▂▂▇▂▂▂▂▂▂▇▂▇▂▂▂▂▂▂▂▂▂▂▂▂▂▃▂▇▂▂▂▂▂▇▂▇▂▂▇▇▂▇▂▇▂▂▃▂▇▂▂▇▂▂▂▂▂▂▂▂▂▂▂▇▂▂▂▂▇▂▂▂▂▇▂▂▂▂▇▂▇▂▇▂▇▂▂▂▂▂▇▂▂▂▂▂▂▂▂▂▂▂▇▂▂▂▂▂▂▂▂▂▂▂▂▂▂▂▂▁▂▂▂▂▂▂▅▂▅▂▂▂▄▂▂▂▅▂▂▅▅▂▂▂▅▂▂▂▂▂▂▂▂▂▂▂▂▂▂▂▂▂▂▂▂▂▂▂▂▂▅▂▅▂▂▂▂▂▅▅▃▂▂▅▂▂▇▂▇▂▂▂▂▇▂▂▇▇▇▂▂▂▂▇▂▂▇▇▂▂▂▂▇▂▇▇▂▂▂▂▂▂▇▇▂▂▇▂▂▂▂▃▂▇▂▂▇▇▇▂▂▇▇▂▂▂▂▂▂▂▇▂▂▂▂▇▂▂▂▇▂▂▇▇▂▂▂▂▂▂▇▇▂▆▂▃▇▂▆▅▂▂▂▇▂▂▂▂▂▆▂▂▂▇▂▂▂▂▂▆▇▂▂▆▂▂▂▆▂▂▂▂▂▂▇▅▂▂▂▇▂▇▂▂▂▂▅▂▂▂▂
contour.svg,118.80µs,107.88µs,23.75µs,422.25µs,▂▂▂▂▂▁▂▁▅▂▂▂▂▂▂▂▂▂▄▅▂▂▂▂▂▂▁▁▃▁▅▂▁▂▂▂▂▂▂▂▂▂▂▁▁▂▁▂▃▅▁▁▃▁▂▂▂▁▂▂▄▄▃▁▂▂▂▁▄▂▄▂▅▁▁▆▂▄▂▁▄▂▁▂▂▁▄▃▁▂▁▂▁▁▃▂▂▃▂▅▃▂▂▄▃▂▁▂▂▂▂▄▃▁▂▁▂▂▃▅▄▃▃▂▁▁▂▃▂▄▂▅▁▂▅▂▄▂▂▁▂▂▃▂▁▃▆▃▂▂▄▂▁▃▂▂▂▅▃▅▂▁▃▃▂▃▁▃▄▂▂▂▅▅▂▂▃▃▃▃▃▂▂▂▂▂▅▃▂▂▁▂▂▂▂▂▃▃▃▃▃▃▂▂▂▃▃▄▂▃▃▂▁▁▂▃▂▂▃▂▅▁▁▁▂▃▂▃▃▃▂▃▂▂▃▃▂▃▃▃▃▂▇▃▃▃▃▃▂▃▃▂▂█▃▄▃▂▂▃▃▃█▂▆▂▄▂▃▃▃▃▃▃▃█▃▃▂▃▃▂▃▃▃▃▂▃▃▂▃▂▃▂▂▃▄▂▇▃▂█▂▂▃▃▂▂▂▃▃▃▇▂▂▂▃█▃▅▃▃▃▂▃▂▃▃▃▃▃▄▃▂▂▆▆▂▃▂▁▁▂▂▂▂▂▂▂▃▃▁▃▃▆▂▂▂▂▃▃▄▂▂▂▂▂▃▂▅▅▃▃▂▇▂▃▂▂▃█▂▇▃▃▂▂▂▇▃▂▂▂▂▃▂▃▂▃▂▇▂▂▃█▃▂▃▃▂▂▂▃█▂▃▃▃▂▂▂▂▃▂▃▃▂▂▃▃▃▂▃▂▂▂▂▂▁▂▂▅▂▃▂▂▆▂▂▃▃▅▅▂▂▁▅▂▂▂▂▂▂▂▃▃▂▂▂▃▁▂▁▆▄▂▂▂▂▂▃▂▃▂▂▄▂▁▃▂▃▄▃▅▁▂▃▃▃▂▃▆▂▁▂▂▂▃▃▅▁▂▂▂▂▃▂▃▄▃▂▂▅▁▂▃▃▅▄▂▂▁▃▃▂▂▆▃▁▂▃▂▂▃▃▂▃▃▃▂▃▂▅▃▅▂▃▃▂▂▃▂▅▂▂▄▂▂▂▂▃▁▃▂▃▂▂▁▂▃▁▂▃▃▂▃▂▃▂▂▅▃▇▂▃▁▅▃▃▂▅▄▃▃▃▄▃▃▃▃▃▁▂▁▂▂▂▂▃▁▂▃▂▃▂▂▂▃▃▂▃▂▃▂▃▁▃▁▂▂▂▆▂▅▁▅▁▂▃▃▃▃▂▃▃▂▂▂▂▇▃▂▂▂▃▃█▃▂▃▂▃▃▂▃▂▃▃▄▂▃▂▃▂▃▃▃▂▃▂▄▃▃▃▃▃▃▃▃▃▁▂▃▃▃▃▃▂▂█▂▃▃▂▃▂▂▃▃▂▂▂▃▂▂▂▂▂▂▃▃▂▁▃▂▂▂▂▂▂▃▃▂▃▂▂▂▃▃▃▃▃▃▃▂▇▃▃▃▂▂▃▃▂▂▂▃▂▂▄▂▂▃▂▇▃▃▃▄▃▃▂▇▃▃▃▂▃▂▃▂▂▃▃▃▃▂▂▂▃▃▃▃▃▁▆▃▃▃▄▂▂▂▂▂▂▃▃▂▃▂▂▃▇▃▃▂▂▂▂▃▂▂▃▇▃▃▃▃▃▂▂▂▂▂▃▂▃▂▂▂▂▂▃▃▂▂▂▂▂▂▂▂▃▁▃▃▂▅▂▃▃█▂▂▂█▂▃▂▃▂▃▃▄▃▃▃▃▂▃▂▂▂▂▂▂▂▃▂▃▃▂▃▃▃▃▂▃▆▂▂▃▃▂▃▂▃▂▂▃▂▃▂▂▄▂█▃▃▃▇▂▂▂▃█▃▃▆▂▃▂▂▃▃█▃▂▃▂▂▂▂▃▂▂▂▃▃▃▂▂▃▃▃▃▂▅▂▂▃▂▇▂▂█▂▂▃▆▃▃▂▃▂▂▇▂▂▂▃▂▇▂▂▂▂▃▂
paper-2.svg,170.13µs,161.04µs,17.67µs,426.00µs,▃▂▁▃▂▄▂▁▂▄▂▃▄▂▄▅▃▂▂▂▂▂▃▄▃▅▂▂▅▃▅▅▂▅▅▂▃▄▄▂▂▂▅▃▅▂▅▄▄▅▂▂▁▅▃▁▂▅▅▃▄▅▂▂▂▄▃▅▂▅▃▃▃▃▃▅▃▅▃▃▂▂▃▃▅▃▂▃▃▃▃▃▅▃▃▃▃▂▇▅▃▅▃▅▂▅▃▂▃▃▃▃▃▅▃▂▅▂▃▃▅▃▃▃▃▃▃▃▃▃▃▃▃▃▃▃▃▃▅▅▅▃▃▃▃▂▃▃▃▃▃▃▃▅▂▂▅▃▃▃▄▂▃▃▃▃▅▅▃▄▂▃▃▃▃▃▃▃▂▂▁▄▇▃▂▂▅▅▂▃▃▂▂▂▄▄▂▃▂▄▅▅▃▅▄▃▄▃▃▃▃▃▃▃▅▃▃▄▃▃▃▃▃▃▃▁▅▄▃▄▃▃▄▃▃▃▄▁▄▄▃▂▇▃▃▃▃▁▂▃▄▃▄▃▃▃▃▂▃▁▃▃▃▇▅▂▅▃▃▃▄▃▃▇▆▄▃▃▄▁▃▁▃▃▃▄▄▅▅▃▂▁▄▂▄▂▃▃▅▃▂▃▃▃▃▂▃▃▃▃▂▃▃▃▃▃▃▅▃▂▄▃▃▃▃▂▃▃▃▃▇▃▇▃▃▃▃▁▄▃▃▃▁▃▁▃▂▃▆▃▃▄█▇▂▃▄▂▃▃▅▄▁▃▃▄▃▃▃▁▂▇▃▇▁▃▃▃▂▂▅▄▃▄▁▃▃▃▃▄▆▃▇▃▂▃▃▂▃▄▃▃▃▁▅▃▂▄▃▇▆▃▄▇▇▃▂▄▃▃▄▃▂▃▇▇▁▃▄▃▇▃▃▂▂▃▃▃▃▃▃▃▃▇▃▇▆▂▃▃▃▃▃▃▃▃▃▃▃▇▃▆▂▃▃▇▃▃▁▃▄▂▂▁▃▃▃▃▇▃▃▃▁▇▇▆▃▄▃▂▇▇▇▃▄▃▄▄▃▇▃▄▃▃▅▃▃▃▃▃▃▃▃▃▃▃▃▃▃▄▃▃▃▆▃▃▄▃▄▃▃▃▃▄▃▃▃▃█▃▂▄▃▃▃▂▃▂▃▃▃▃▃▃▃▄▃▄▃█▃▃▄▄▃▃▃▇▄▂▄▄▃▃█▆▄▄▄▃▃▄▄▄▄█▄▄▄▄▄▄▄▄█▄▄▄██▄▄▄▃▃▃▄▃▄▄▄█▄▄▄▄▄▄▄▄▄▄▄▄▄▄▄▄▄▄▄▄▇▄▄▄▄▂▄▄▄▄▄▄▄▃▄▂▂▃▃▃▃▃▃▃▄▃▃▃▃▃▃▄▄▄▃▄▄▃▃▃▄▄▄▃▄▄▃▃▄▄▄▄▄▄▄█▄▄▃▄█▄▄▄▄▄▇▄▄▄▄▄▄▄▄▃▃▃▃▃▃▃▄▄▄▄▄▄██▄▂█▄▃▄█▄▄▄▃▄█▂▃▃▃▃▃▂▃▃▃▃▃▃▃▃▃▄▃▃▄▄▃▃▃▃▃▃▄▄█▃▄▄█▃▃█▄█▄▄▄▄▄█▄▂▄▃█▄▄█▃▄▄▄▄▄▃▄▄▄▄▃▄▄▄▃▄▆▄▄█▃▃▄▃▃▃▃▄▄▃▄▅▂▃██▄▄▄▄▄▄▄▇▂▄▄▃▄▄▄█▄▃▄▄▃▄▄▃▃▄▃▃▃▃▃▃▃▃▃▃▃▃▄▃▄▃▃▄▄▇▃▄█▄▃▄▄▄▇▄▄▄▃▄▄▄███▄▄▄▄▄▄▄██▃█▃█▄▅▄▂▄█▄▄██▄▄▄█▄▄▄▅▄▄▃█▄▄▄▄▃▅▄▄██▁▂▃▃▃▃▃▃▃▃▃▃▃▃▃▃▄▃▃▃▃▄▇▃▄▄▆▄▄█▃▄█▄▆▄▄█▄█▄▄▄▄▄▄▃█▃▃▃▃▃▃▃▆▃▃▃▃▄█▄▃▄
hawaii.svg,313.63µs,327.79µs,19.71µs,631.50µs,▄▄▄▅▄▄▄▅▄▄▄▄▅▄▄▄▅▄▅▄▄▄▅▄▅▄▅▅▅▅▄▄▅▅▅▅▄▅▄▄▁▅▄▅▄▄▁▄▁▄▃▅▄▄▅▅▄▄▅▄▄▄▃▄▄▅▄▁▄▁▄▄▄▅▄▅▄▅▄▅▄▅▄▅▄▅▄▅▁▅▄▅▄▅▄▅▅▅▅▄▁▅▄▅▅▅▄▅▅▅▄▄▄▄▅▄▅▄▅▅▄▅▄▅▄▅▅▅▁▄▄▄▅▄▅▄▅▄▅▄▄▅▁▄▅▄▅▄▅▄▅▅▄▅▄▅▄▅▄▄▄▅▄▅▄▅▄▄▅▄▄▄▅▄▅▄▅▄▅▄▅▄▅▄▅▄▅▄▅▄▅▄▅▄▅▄▅▄▅▄▅▅▄▅▄▅▄▅▅▄▄▅▄▅▅▅▄▅▄▅▄▅▄▅▅▅▅▅▁▅▁▅▄▄▅▄▅▄▅▄▅▅▄▅▄▄▄▄▅▅▅▅▄▅▅▅▄▅▅▅▅▅▅▅▅▄▅▄▁▄▄▄▅▄▄▅▄▅▄▅▄▅▄▅▅▄▄▅▅▄▅▄▁▄▄▄▅▄▄▅▆▅▅▄▅▄▅▄▄▅▅▅▄▅▄▅▄▅▄▅▅▅▅▅▄▅▄▅▅▄▅▄▄▄▅▄▄▅▅▅▅▅▅▅▄▅▄▅▅▅▄▅▄▅▄▅▅▄▅▄▅▅▅▅▄▅▄▄▅▅▅▄▅▄▅▄▄▁▅▅▁▅▅▅▄▄▄▅▁▅▄▄▅▄▅▄▅▅▅▅▄▅▅▅▅▅▄▅▅▄▅▄▅▄▅▄▅▄▅▄▅▄▅▄▅▁▅▅▄▄▅▅▄▅▄▄▄▄▄▄▅▅▄▅▄▅▄▁▅▅▅▅▁▄▅▅▄▄▄▅▁▄▅▅▅▄▅▄▅▄▅▅▄▅▄▅▄▁▄▄▅▄▄▅▅▄▅▅▄▄▄▅▄▄▅▅▅▄▅▄▅▄▅▄▅▁▄▅▄▄▄▄▄▅▄▅▄▅▄▅▄▄▄▅▄▅▄▄▄▅▄▅▄▄▄▄▅▄▄▄▄▄▄▄▅▄▅▄▅▅▅▁▅▅▄▅▅▄▄▅▅▅▅▅▅▃▅▅▅▄▅▅▅▅▄▅▅▅▁▅▅▅▄▅▅▅▅▄▅▅▅▅▄▅▅▅▄▅▄▅▄▅▄▄▄▄▄▅▄▅▄▁▅▅▅▅▅▃▄▅▅▁▃▄▅▅▄▅▅▅▄▅▅▄▅▄▅▄▅▄▅▅▅▅▅▅▅▅▅▅▅▅▄▅▅▅▅▅▅▄▅▅▅▁▅▅▄▅▅▄▅▄▅▅▅▅▄▁▅▄▅▄▁▄▅▄▄▄▅▅▅▄▄▄▅▄▅▁▅▄▅▅▅▅▅▄▅▄▅▄▄▄▄▅▄▅▁▅▄▅▄▅▄▅▅▅▄▅▅▅▅▅▅▄▅▅▄▅▅▄▅▅▅▅▅▅▄▅▅▅▅▄▅▅▆▅▄▄▅▄▅▄▅▅▄▄▅▄▅▅▅▅▅▅▅▅▅▅▅▄▄▅▄▄▅▅▅▅▅▅▆▅▃▅▅▅▅▅▅▅▅▄▄▅▃▅▅▅▄▅▅▅▄▅▅▅▅▅▄▅▄▅▁▅▅▄▅▄▅▁▄▅▄▄▅▄▄▄▅▄▅▄▄▄▄▁▅▄▅▄▄▅▄▅▁▅▅▅▄▅▅▅▅▅▅▄▄▄▄▅▅▅▅▅▅▅▅▄▅▄▅▅▄▄▅▅▄▅▅▅▅▅▅▄▅▅▅▄█▅▄▅▄▅▄▅▄▄▄▄▅▄▅▅▄▅▅▅▄▅▄▄▅▅▅▄▅▅▅▅▄▅▄▄▄▅▄▅▄▅▄▅▄▅▄▅▄▅▅▄▅▄▄▄▅▅▅▄▅▅▅▄▅▄▄▄▅▄▄▄▅▄▅▄▅▄▅▁▅▄▅▄▅▅▅▁▅▄▅▄▅▄▅▄▅▅▄▅▄▅
paper-1.svg,164.65µs,157.42µs,25.83µs,405.67µs,▂▂▄▃▅▃▄▂▁▃▃▃▂▃▂▂▁▂▁▂▄▄▃▃▃▄▂▂▁▂▂▅▁▃▁▃▄▄▃▃▃▅▃▃▃▃▃▃▃▃▃▄▃▄▃▃▃▄▃▃▄▃▃▃▆▄▃▄▃▃▃▃▄▄▄▃▆▄▃▃▄▃▃▄▃▃▃▃▃▃▃▃▃▃▃▄▃▃▃▃▃▃▃▃▃▄▄▃▃▄▃▃▃▄▄▃▃▃▃▄▃▃▃▃▃▄▃▃▃▃▃▃▃▄▃▄▃▆▃▃▄▃▃▃▃▆▃▃▃▄▃▄▃▆▃▃▃▃▃▃▃▃▄▃▄▃▃▄▃▄▃▃▄▃▃▄▆▃▃▃▁▃▂▃▄▃▃▃▃▅▃▃▃▃▃▃▃▃▃▃▂▄▃▃▃▃▃▃▃▃▃▃▃▃▄▃▄▅▃▂▃▂▃▃▃▁▄▃▃▂▃▃▄▃▃▂▃▃▃▄▃▃▆▆▃▃▃▃▆▃▃▃▃▃▃▃▃▃▃▃▃▃▃▃▅▃▄▄▄▄▄▅▃▄▄▃▃▄▄▃▃▃▄▃▃▄▃▄▃▃▃▄▄▆▃▃▃▃▃▃▃▃▃▃▃▄▄▄▃▄▃▆▃▃▃▄▄▄▃▄▃▆▄▄▃▃▃▃▃▃▃▄▃▃▆▄▃▃▃▆▃▃▆▃▃▄▃▃▃▄▃▃▃▃▃▃▃▃▃▃▃▃▃▃▃▃▃▃▃▃▃▃▄▃▃▄▄▃▃▃▃▆▃▂▃▃▄▃▄▃▁▂▃▃▃▃▃▆▃▃▃▃▃▄▃▃▄▃▆▃▃▃▄▄▃▄▆▃▄▃▄▃▃▄▃▃▄▃▃▃▆▃▃▄▃▃▃▃▃▃▄▃▆▃▃▄▃▆▃▃▆▃▃▃▃▃▃▄▆▃▄▄▆▃▄▃▃▃▆▃▃▃▆▂▃▃▄▃▃▃▃▄▃▃▄▃▃▃▃▃▃▄▃▃▃▃▃▃▃▄▃▃▃▃▃▃▄▄▃▃▃▃▄▆▃▃▃▆▄▃▃▃▄▃▃▃▄▃▅▃▃▆▆▅▃▃▄▄▄▃▃▃▆▃▃▃▃▆▃▃▃▃▄▃▄▃▃▄▃▆▄▃▄▃▆▃▃▄▃▄▃▃▃▃▃▄▆▃▃▄▃▃▃▃▄▅▆▃▃▃▃▃▅▃▃▃▃▃▃▄▄▃▃▄▃▃▃▃▄▃▃▃▃▃▃▃▃▃▄▃▃▃▄▃▃▃▃▄▃▃▆▄▄▃▆▃▃▄▃▄▃▃▃▃▃▄▃▄▃▃▃▃▃▃▃▃▃▃▃▃▃▃▄▃▃▃▆▃▄▃▆▃▃▄▃▄▃▃▄▃▄▃▃▃▆▃▃▄▃▃▆▃▃▆▃▄▃▃▄▃▄▃▆▄▃▃▃▆▄▃▃▃▃▃▃▃▃▃▄▄▄▃▃▃▃▄▃▃▃▃▃▃▃▄▄▆▄▃▃▃▄▄▄▃▄▃▄▃▃▃▃▄▃▆▄▃▃▃▆▄▃▃▆▃▃▄▆▃▆▃▃▃▃▄▆▆▆▃▃▃▄▄▄▄▃▃▃▆▃▃█▃▃▃▃▆▂▂▂▃▃▃▃▃▃▃▃▄▃▃▃▄▄▃▄▆▆▃▃▄▃▄▄▄▆▃▄▃▃▄▃▃▄▆▃▃▃▃▃▃▃▄▄▄▄▃▃▆▄▃▃▃▃▃▃▆▃▃▄▄▃▃▃▄▃▃▄▃▃▃▃▃▃▃▄▃▄▃▃▃▃▃▃▆▄▃▃▃▃▆▄▄▃▃▃▃▃▄▂▃▄▃▅▃▃▃▃▃▃▃▃▃▃▄▃▃▃▃▄▄▃▆▆▃▃▃▃▃▃▃▃▃▄▃▃▃▄▄▃▃▆▄▅▃▄▃▄▄▄▄▃▃▃▃▃▃▄▃▃▃▃▃▅▃▄▃▄▃▃▃▃▃▅▃▄▃▃▅▆▃▃▃▅▄▃▃▃▄▄▃▃▃▃▃▄▃▃▃▃▄
drops.svg,77.21µs,90.88µs,16.17µs,225.13µs,▃▃▄▄▂▂▁▄▄▄▁▄▄▄▃▁▁▁▄▄▁▃▄▄▁█▄▄▄▄▄▁▅▄▄▄▄▄▆▄▄▄▁▂▁▅▄▄▂▄▄▃▅▃▃▃▂▃▄▂▄▃▄▃▂▃▁▆▅▄▄▂▅▁▂▁▅▄▁▅▃▁▂▂▄▁▁▅▄▄▄▂▅▄▂▁▄▄▁▂▃▁▂▁▂▂▄▅▄▁▁▂▄▄▂▄▄▂▄▂▃▄▂▃▃▃▂▂▂▄▁▂▄▄▃▅▂▄▁▅▁▁▄▁▁▂▂▃▃▁▄▄▁▄▄▃▄▄▄▅▂▁▂▂▄▄▄▄▄▄▄▁▁▄▄▂▄▁▄▄▅▂▄▄▂▅▃▁▁▁▄▆▁▄▆▃▃▁▄▄▃▂▄▆▃▄▄▂▄▁▁▄▁▄▄▂▄▂▄▂▂▄▂▃▁▄▁▁▄▃▄▄▄▄▄▄▄▄▃▄▅▂▄▄▄▁▄▁▄▄▂▄▄▁▄▁▁▁▁▂▃▂▂▄▄▄▅▄▁▁▂▄▁▄▂▄▁▂▆▃▃▄▄▄▁▁▄▁▃▁▄▄▁▄▁▁▄▁▄▃▁▃▄▄▄▄▃▃▄▁▁▂▁▁▁▅▂▁▄▄▁▄▄▂▂▄▆▄▄▅▁▅▄▃▄▄▅▁▃▃▃▄▄▄▂▄▃▂▆▄▂▃▅▄▃▂▂▂▅▄▄▄▂▂▄▄▁▂▃▁▄▅▄▁▁▅▃▁▄▂▃▃▄▅▄▃▁▂▄▁▁▅▄▂▄▂▄▂▁▅▄▄▃▅▃▄▂▅▄▁▄▁▁▅▃▁▄▄▄▅▄▄▅▂▅▃▁▄▂▁▅▃▁▃▅▄▁▂▁▃▃▁▁▁▄▂▂▄▄▄▂▄▄▃▁▄▄▁▄▄▄▂▁▃▃▂▁▄▁▄▄▄▄▂▃▃▃▃▃▄▄▂▄▄▄▅▆▄▄▂▁▄▃▄▄▂▁▄▄▅▃▃▁▂▃▁▂▂▄▅▄▂▂▃▃▄▃▄▁▁▂▂▅▄▄▁▁▅▂▂▅▃▁▂▅▃▃▁▁▁▄▄▁▂▄▁▂▄▇▂▂▄▁▄▂▄▃▁▄▄▂▂▄▂▄▂▄▂▄▃▄▄▃▂▁▁▄▄▁▄▁▃▁▄▁▄▁▃▁▂▆▃▄▄▄▄▄▄▄▄▁▄▄▁▄▄▁▁▄▂▄▂▄▄▄▄▄▅▄▁▄▄▄▄▂▄▁▄▁▂▄▁▅▄▄▆▄▁▄▁▄▄▅▄▄▄▁▄▅▄▃▁▂▂▂▄▁▁▂▆▄▄▂▁▄▁▅▄▃▁▂▁▅▃▁▁▁▁▂▄▁▁▄▁▃▂▄▃▃▂▁▂▃▃▂▁▁▆▃▁▅▅▅▄▁▂▅▄▁▂▃▆▄▁▁▂▃▁▃▁▄▄▄▁▄▄▄▄▄▄▄▄▅▂▂▇▃▄▄▂▄▄▄▄▄▁▄▄▁▅▄▅▄▁▄▄▄▁▄▄▃▄▁▃▄▁▄▄▅▄▂▂▄▁▁▁▄▂▄▄▃▄▂▂▅▄▄▁▂▄▄▃▅▅▅▄▁▄▃▄▂▃▂▄▁▁▂▁▅▄▂▁▂▄▁▂▅▃▄▄▂▄▂▁▅▃▁▁▅▃▄▄▅▄▂▄▅▄▁▁▅▃▁▁▆▄▁▂▂▄▁▂▂▄▃▂▄▄▁▂▄▃▁▆▃▂▂▅▃▂▁▄▁▁▁▃▁▃▄▅▄▁▄▁▂▅▄▄▁▂▄▄▅▃▄▄▄▄▄▄▁▄▁▄▄▄▄▄▄▄▅▄▆▁▄▄▄▁▃▂▃▄▄▄▄▄▄▄▄▄▂▄▂▅▅▄▅▄▃▁▁▂▃▄▃▄▁▅▆▄▄▄▂▄▁▄▅▄▄▄▅▄▁▁▁▃▄▁▅▃▃▂▃▁▂▄▁▄▄▁▁▂▄▄▁▂▄▄▁▂▄▄▁▄▄▄▁▄▂▃
car.svg,128.55µs,130.17µs,16.96µs,226.50µs,▅▄▃▄▂▁▄▄▄█▂▄▄▄▄▄▄▄▅▄▂▄▅▅▅▂▅▅▅▅▅▅▅▅▅▅▅▅▅▅▅▅▅▅▄▅▅▅▅▅▅▅▅▅▅▅▅▅▅▅▅▅▅▅▅▅▅▅▅▅▅▅▅▅▅▅▅▅▅▅▅▅▅▅▅▅▅▅▅▅▅▅▅▅▅▅▅▅▅▅▅▅▅▅▅▅▅▅▅▅▅▅▅▅▅▇▅▅▃▄▅▄▅▁▂▂▅▅▄▅▆▅▅▄▄▇▅▄▅▄▆▅▅▅▅▅▅▅▅▄▅▅▂▅▅▅▅▅▅▅▅▅▅▅▅▅▅▅▅▅▄▅▅▅▅▅▅▅▅▅▅▅▅▅▅▅▅▅▅▅▅▅▅▅▅▅▅▅▅▅▅▅▅▅▅▅▅▅▅▅▅▅▅▅▅▅▃▅▅▅▅▅▅▅▅▅▅▅▃▅▅▅▅▅▅▅▅▅▅▅▅▅▅▅▅▅▅▅▅▅▅▅▅▅▅▅▅▅▅▅▅▅▅▅▅▅▅▅▅▅▅▅▅▅▅▅▅▅▅▅▅▅▅▅▅▅▅▅▅▅▅▅▅▅▅▅▅▅▅▅▅▅▅▅▅▇▅▅▅▅▅▅▅▅▅▅▅▄▂▃▅▅▄▅▄▅▅▄▅▅▅▅▅▅▅▅▅▅▅▄▅▅▅▅▅▅▅▅▂▅▅▅▅▅▅▅▅▅▅▅▅▃▄▄▁▄▄▄▄█▅▅▄▅▅▅▅▅▅▅▅▅▅▅▅▅▅▅▅▅▅▅▅▅▅▅▅▅▅▅▇▅▅▅▅▅▅▅▅▅▅▅▅▅▅▅▅▅▅▃▅▅▅▅▅▅▅▅▅▅▅▅▅▅▅▅▅▅▅▅▅▅▅▅▅▅▅▅▅▅▅▅▅▅▅▅▅▅▅▅▄▅▅▅▄▅▅▅▅▄▅▅▅▅▅▇▅▅▅▅▅▅▅▅▅▅▅▅▅▅▅▄▅▅▅▅▅▅▅▅▅▅▅▅▅▄▄▄▄▄▄▃▃▄▄▄▄▄▄▅▄▄▅▄▄▅▅▅▅▄▅▅▄▄▅▅▄▅▅▅▅▅▅▅▅▅▄▅▄▅▅▅▅▄▆▅▅▅▅▂▅▃▅▃▅▃▄▅▅▄▅▅▅▅▃▅▅▅▅▅▅▅█▄▄▂▃▂▄▂▄▄▇▁▅▁▅▄▄▄▅▃▂▄▄▅▅▅▅▅▅▄▅▄▅▅▅▅▅▅▅▅▅▅▅▅▅▅▅▅▅▅▅▅▅▅▅▅▅▅▅▅▅▄▅▅▅▅▅▅▅▅▅▅▅▄▅▅▄▇▅▅▅▅▅▅▅▅▅▅▅▅▅▅▅▅▅▅▅▅▅▅▅▅▅▅▅▅▅▅▇▄▄▅▅▅▅▄▅▅▄▂▅▅▅▅▅▅▅▅▄▅▅▅▅▅▅▅▅▅▅▅▅▅▅▅▅▅▅▅▅▅▅▅▅▅▅▅▅▅▅▅▅▇▅▅▅▅▅▅▅▅▅▅▅▅▅▅▅▅▅▅▅▅▅▅▅▅▅▅▅▅▅▅▅▅▅▅▅▅▅▅▅▅▅▅▃▅▅▄▄▅▅▅▅▅▅▄▅▅▅▅▅▅▅▅▅▅▅▅▅▅▅▅▅▅▅▅▅▅▅▅▅▅▅▅▅▄▅▅▅▅▄▄▅▅▄▅▄▅▄▅▅▅▅▅▅▅▅▅▅▅▅▅▅▅▅▅▅▅▅▅▅▅▅▅▅▅▅▅▅▅▅▅▅▅▅▅▅▅▅▃▄▃▅▄▄▅▅▅▄▅▄▆▅▄▅▄▅▅▅▅▅▅▅▅▅▅▅▅▅▅▅▅▅▅▅▅▅▅▅▅▅▅▅▅▅▅▅▅▅▅▅▅▅▅▅▅▅▅▅▅▅▅▅▅▅▅▅▅▅▅▅▅▅▅▅▅▅▅▅▅▅▅▇▅▅▅▅▅▅▅▇▅▅▅▅▅▅▂▄▄▅▅▅▅▅▅▅▅▅▅▅▅▅▅▅▅▅▅
reschart.svg,91.35µs,90.83µs,21.25µs,306.29µs,▃▃▃▃▃▂▂▂▂▃▂▂▃▂▂▃▂▃▂▂▃▂▃▃▂▃▂▂▃▂▂▃▂▂▂▂▃▂▂▂▂▃▂▂▃▄▂▂▂▃▃▃▄▃▄▂▃▂▂▃▂▃▂▂▄▂▃▄▃▃▃▃▂▂▂▂▂▄▂▃▂▃▂▅▅▄▃▂▃▃▃▂▃▄▄▄▃▅▃▂▅▃▃▂▃▃▂▂▄▃▂▃▃▂▂▃▃▃▂▃▂▃▂▂▂▂▂▂▃▃▂▂▃▂▃▃▃▂▃▂▃▂▃▃▃▃▃▂▂▂▂▂▄▂▂▂▂▂▁▃▂▃▂▃▂▂▃▄▄▃▃▃▂▂▂▂▂▃▄▃▃▂▂▄▃▃▂▄▂▄▃▄▂▃▂▂▄▂▃▃▂▃▄▄▃▃▃▃▂▄▂▄▄▄▂▃▃▄▃▂▃▂▃▂▄▄▂▃▂▃▂▃▅▄▃▃▂▅▃▃▂▃▂▄▃▃▂▃▃▂▃▃▃▃▃▂▂▃▂▃▃▄▃▃▃▄▃▂▄▃▃▃▄▂▃▂▂▃▂▃▂▄▂▂▂▂▃▃▃▃▂▃▃▃▂▂▃▃▃▂▂▂▃▃▃▂▂▂▃▃▂▂▃▃▃▄▃▃▃▄▄▃▂▄▂▃▃▃▂▃▃▃▃▂▄▄▃▃▃▃▂▃▃▄▃▅▃▂▃▃▃▃▃▂▃▃▂▇▄▃▂▃▂▃▂▂▄▃▃▃▄▄▃▃▃▂▄▄▃▂▃▃▂▄▄▃▂▄▃▃▂▃▃▂▂▄▂▂▄▃▃▂▃▂▂▃▃▃▂▂▄▂▄▄▃▃▂▂▂▃▃▂▃▂▃▃▂▃▂▂▂▂▂▃▂▂▃▃▂▃▃▃▃▃▃▃▂▃▃▃▃▃▃▂▂▂▃▄▃▃▃▇▂▃▃▃▂▂▄▃▃▂▂▄▄▂▃▂▄▃▃▃▂▃▃▃▃▂▄▃▃▃▄▄▃▂▂▃▃▂▂▃▂▃▂▂▃▂▂▃▃▄▄▃▂▄▃▄▃▃▂▃▃▂▄▃▂▂▂▃▃▃▂▂▂▃▄▄▃▂▂▃▃▂▂▂▃▄▂▃▃▂▂▃▄▃▃▃▂▄▄▃▂▃▃▃▃▂▄▂▃▄▃▂▄▃▄▂▃▄▁▂▂▃▃▃▃▃▄▃▄▃▃▃▂▄▃▃▄▃▃▃▂▄▃▃▄▃▄▃▃▂▄▃▄▃▃▄▂▃▃▃▄▂▃▃▄▃▄▂▂▃▄▃▃▄▃▃▃▂▂▃▃▃▃▂▃▄▄▄▃▂▄▂▃▂▄▃▃▂▂▂▂▂▄▃▃▃▂▂▃▃▂▄▃▃▂▄▄▃▂▃▂▄▃▃▂▃▂▂▄▂▄▄▃▄▄▃▃▄▂▃▃█▄▂▂▄▂▂▃▂▃▃▃▄▄▃▄▃▃▃▃▃▃▃▄▂▃▂▂▂▃▃▃▃▃▂▂▂▃▂▂▂▂▃▆▂▃▄▂▂▂▂▂▂▄▃▃▃▄▂▃▂▄▃▄▄▃▂▄▃▃▃▄▃▄▄▃▃▂▄▃▃▂▂▃▃▃▃▂▂▃▄▂▂▂▃▃▃▂▃▄▃▃▂▃▃▂▃▄▃▂▃▄▃▃▃▂▄▂▃▃▂▃▃▄▂▂▅▄▄▂▃▃▂▂▂▄▄▅▃▃▃▂▄▆▂▂▃▃▃▃▃█▂▄▂▃▃▄▃▃▃▃▂▄▄▃▂▃▄▂▄▄▂▃▂▃▂▃▃▃▂▂▃▃▃▃▃▂▃▂▃▃▂▂▃▂▂▃▂▃▄▂▂▃▃▃▃▂▃▂▃▂▃▃▄▂▄▄▃▃▃▃▆▂▃▃▃▄▂▄▃▃▃▃▃▃▃▃▄▃▃▂▄▄▃▂▂▄▂▃▃▃▄▃▂▄▃▂▃▃▃▂▃▂▂▃▄▄▃▃▃▃▃▃▂▄▂▃▂▃▃▃▂▃▄▄▂▃▃▂▂▃▅▄▂▂▄
boston.svg,204.76µs,207.25µs,16.88µs,276.71µs,▆▆▄▆▆▆▆▅▆▆▆▄▆▄▆▆▆▅▆▆▄▆▆▄▆▆▆▆▆▆▆▅▆▆▆▆▆▆▆▆▆▆▆▆▆▆▄▄▆▆▆▆▆▆▇▆▆▆▆▆▆▆▆▆▆▆▆▇▆▆▆▆▆▆▆▆▆▆▆▆▆▆▆▆▆▇▆▆▆▆▆▆▆▆▆▇▆▆▆▆▆▆▆▆▆▆▆▆▆▆▆▆▆▆▆▆▆▆▆▆▆▆▆▆▆▆▆▁▆▆▆▆▆▅▅▄▆▆▆▆▆▆▆▆▆▆▆▆▆▆▆▆▆▆▆▆▆▆▆▆▆▆▆▆▆▆▆▆▆▆▆▆▇▆▆▆▆▆▆▆▆▆▆▆▆▆▆▆▆▆▆▆▆▆▆▇▆▆▆▆▆▆▆▆▆▆▆▆▆▆▆▆▆▆▆▆▆▆▆▆▆▇▆▆▆▆▆▆▆▆▆▆▆▆▆▆▆▆▆▁▅▆▆▆▇▆▆▆▆▇▆▆▆▆▆▆▆▆▆▆▆▆▆▆▆▆▆▆▆▆▆▆▆▆▆▇▆▆▆▆▆▆▇▆▆▆▆▆▆▆▆▆▆▆▆▆▆▆▆▆▆▆▆▆▆▆▆▆▆▆▆▆▆▆▆▆▆▆▆▆▆▆▆▆▆▆▆▇▆▆▆▆▆▆▆▆▆▆▆▆▆▆▆▆▇▆▆▆▆▇▆▆▆▆▆▆▆▆▆▆▆▆▆▆▆▆▆▆▆▆▆▆▆▆▆▆▇▆▆▆▆▆▆▆▆▆▆▆▆▆▆▆▆▆▆▆▆▆▆▆▆▆▆▆▆▆▆▆▆▆▆▆▆▆▆▆▆▆▆▆▆▆▆▆▆▆▆▆▇▆▆▆▆▆▆▆▆▆▇▇▁▇▄▄▆▄▁▆▆▆▆▄▆▆▄▆▆▆▆▆▄▆▄▆▆▇▆▆▆▆▆▆▆▆▆▆█▆▆▆▆▆▆▆▆▆▆▆▆▆▆▆▇▆▆▇▆▆▆▆▆▆▆▆▆▆▆█▆▆▆▆▆▆▆▆▆▆▆▆▆▆▇▆▆▆▆▆▆▆▆▆▆▆▆▆▆▆▆▆▆▆▆▆▂▆█▆▆▆▆▆▆▆▆▆▆▆▆▄▆▆▄▆▆▆▆▆▆▆▆▆▆▆▆▆▆▆▆▆▆▆▆▆▆▆▆▆▆▆▆▆▇▇▆▆▆▆▆▇▆▆▆▆▆▆▆▆▆▆▆▆▆▆▆▆▆▆▆▆▆▆▆▆▆▆▆▆▆▆▆▆▆▆▆▄▆▆▆▆▆▆▆▆▆▆▆▆▇▆▆▆▆▆▆▆▆▅▅▆▆▆▆▅▄▆▆▆▆▆▆▄▆▆▆▆▆▆▆▆▆▆▆▆▆▆▆▆▆▆▆▆▆▆▆▆▆▆▆▆▇▆▆▆▆▆▆▆▆▆▆▆▆▆▆▆▆▆▆▆▆▆▆▆▆▆▇▆▆▆▆▆▆▆▆▆▆▆▅▆▆▆▆▆▆▆▆▆▆▆▆▆▆▆▆▇▄▆▆▆▆▄▂▄▆▆▆▇▇▆▆▆▆▆▆▆▆▆▆▆▇▆▆▆▆▆▆▆▆▆▅▆▆▆▆▆▆▆▆▆▆▆▆▆▆▆▇▆▆▆▆▆▇▆▆▆▆▆▆▆▆▆▆▆▆▆▆▆▆▆▇▆▆▆▆▆▆▆▆▆▆▆▆▆▆▆▆▆▆▆▆▆▆▆▆▆▇▇▆▆▆▆▆▆▆▆▆▆▆▆▆▆▅▆▆▆▆▆▆▆▆▆▆▆▆▆▆▆▆▇▆▆▆▇▆▆▆▆▇▆▆▇▆▆▆▆█▆▆▆▆▆▆▆▆▆▆▆▆▆▆▆▆▆▆▆▆▆▆▆▆▆▆▆▆▆▆▆▆▆▆▆▆▆▆▆▆▆▆▆▆▆▆▆▆▆▆▆▆▆▆▆▆▇▆▆█▆▇▆▄▆▅▆▆▆▅▆▆▆▆▆▆▆▆▇▆▆▆▆▆▆▆▆▆▆▆▆▆▆
