AdapterInfo { name: "Apple M1 Pro", vendor: 0, device: 0, device_type: IntegratedGpu, driver: "", driver_info: "", backend: Metal }
samples: 1000
test,mean,median,min,max,plot
embrace.svg,106.56µs,112.13µs,25.17µs,1.27ms,█▂▂▁▁▁▁▁▂▁▁▁▁▂▁▁▁▁▁▁▁▁▁▂▁▂▁▁▁▁▂▁▁▂▁▁▁▁▁▂▂▁▁▁▁▁▁▁▁▁▁▁▁▁▁▁▁▁▁▁▁▁▁▁▁▁▁▁▁▂▁▁▂▁▁▂▁▁▂▁▁▂▁▁▁▂▁▁▁▁▁▁▁▁▁▁▁▁▁▁▁▁▁▁▁▁▁▁▁▁▁▁▂▁▁▂▂▂▂▂▁▂▁▂▂▁▂▂▂▂▂▂▁▁▁▁▁▁▁▁▁▁▁▁▁▁▁▁▁▁▁▁▁▁▁▁▁▂▂▂▂▂▂▂▂▂▂▁▁▂▂▁▁▁▁▁▁▁▁▁▁▁▁▁▁▁▁▁▁▁▁▁▁▁▁▁▂▁▁▁▁▂▁▂▂▁▁▂▁▂▁▁▂▁▁▁▁▁▁▁▂▁▁▁▁▁▁▁▂▁▁▁▁▁▁▁▂▂▁▂▂▂▁▂▂▁▁▁▁▂▁▁▂▂▁▂▁▂▂▁▂▂▁▁▂▁▁▂▂▁▁▂▂▁▁▂▂▁▁▁▂▂▁▂▂▂▁▁▂▂▁▁▁▁▂▂▁▂▂▁▂▂▁▂▂▁▁▂▂▂▁▁▁▂▂▁▁▂▂▁▁▁▁▁▁▁▁▁▁▁▁▁▁▁▁▁▁▁▁▁▁▁▁▁▁▁▁▁▁▁▁▁▁▁▁▁▁▁▁▁▁▁▁▂▁▁▁▁▁▁▁▁▁▁▁▁▁▁▁▁▁▁▁▁▂▁▂▂▁▁▁▁▁▁▁▂▁▁▁▁▁▁▁▁▂▁▁▁▁▁▂▁▁▂▁▁▁▁▁▁▁▁▁▁▁▁▁▁▁▁▁▁▁▁▁▁▁▁▂▁▁▂▁▂▁▂▁▁▂▂▁▂▁▂▂▂▂▁▂▁▂▁▁▁▁▂▂▂▂▂▂▂▂▂▂▂▂▂▂▂▂▂▂▂▂▂▂▂▂▂▁▂▁▂▁▁▁▁▁▂▂▁▂▂▁▁▂▂▂▂▂▂▁▂▂▂▂▂▂▂▂▂▂▁▂▂▂▁▂▂▁▁▁▂▂▂▁▂▂▂▂▂▂▁▂▁▁▁▁▁▁▁▁▁▁▂▁▁▂▂▂▂▂▁▁▂▂▂▂▂▁▂▂▁▂▂▂▂▂▂▂▂▁▁▂▁▂▂▁▂▂▂▂▁▁▁▂▁▂▂▂▂▂▂▂▁▂▂▁▁▂▁▂▂▁▂▂▂▂▂▂▂▁▂▁▁▁▁▁▁▁▁▁▁▁▁▁▁▁▂▂▁▁▁▁▂▂▁▁▁▂▁▁▂▁▁▂▁▂▂▂▂▁▂▁▂▂▂▁▂▂▂▂▂▂▁▂▂▂▂▂▂▂▂▂▂▂▂▂▂▂▂▂▂▁▁▁▂▂▁▁▂▂▂▂▂▂▂▂▁▂▁▂▂▂▂▂▂▂▂▂▂▂▂▂▂▂▂▂▁▂▁▂▁▂▁▁▂▁▁▁▁▃▁▂▁▂▂▂▂▂▂▁▂▂▁▂▂▂▂▂▁▂▂▂▂▁▂▂▂▂▁▂▂▂▂▂▁▂▁▁▁▂▂▂▂▂▂▁▂▂▂▂▂▁▁▁▁▂▂▁▂▂▂▂▂▂▂▁▂▂▁▂▂▂▁▂▂▁▁▁▁▁▁▁▂▂▁▁▁▁▁▂▂▂▂▂▂▁▂▂▂▂▂▁▂▁▂▂▁▂▂▂▂▂▁▂▂▂▂▁▁▂▂▂▂▂▂▂▂▁▁▂▂▂▁▂▂▁▁▂▂▂▁▂▁▁▂▂▁▁▂▁▁▂▁▁▂▂▁▂▁▁▁▁▂▁▂▁▂▁▂▂▁▁▂▂▁▂▁▂▁▁▁▂▁▁▂▂▂▂▂▂▂▁▂▂▂▂▂▂▂▁▁▂▁▂▂▂▁▂▂▂▂▁▁▁▂▁▁▂▂▂▂▂▂▁▁▂▂▁▂▂▁▂▂▂▁▂▂▂▂▂▂▂▂▁▂▂▁▂▁▂▂▂▂▁▂▂▁
paris-30k.svg,274.94µs,157.58µs,16.63µs,1.94ms,▂▁▁▂▂▁▁▁▁▂▂▄▁▂▁▁▁▂▁▁▄▂▄▁▁▃▁▁▄▂▁▁▄▁▁▁▂▁▂▂▂▁▂▂▁▂▂▂█▂▂▂▂▂▂▁▂▃▂▂▂▃▂▂▁▂▂▂▂▁▂▂▁▁▆▁▁▁▇▂▁▄▂▂▂▂▁█▂▂▂▁▂▁▂▂▂▅▆▁▂▂▁▁▁▂▁▂▁▃▂▂▁▂▂▁▁▃▂▂▁▂▃▁▁▁▂▂▂▁▂▁▁▁▆▁▂▂▁▁▁▁▁▁▂▁▁▃▁▁▂▁▁▂▇▂▂▂▂▂▁▂▂▄▁▁▁▁▂▁▁▆▁▂▂▂▃▆▁▂▁▂▁▃▂▂▂▂▂▁▂▃▂▂▂▂▁▁▂▂▃▁▃▂▂▂▁▄▂▃▁▁▁▂▁▁▂▁▂▁▂▂▂▁▁▃▂▁▁▁▂▃▄▂▁▁▂▄▂▁▂▁▂▄▁▅▂▁▂▂▂▃▂▂▂▃▃▁▂▂▂▂▂▃▁▂▂▁▅▃▁▂▁▂▂▁▂▁▂▁▃▂▁▂▁▂▁▂▂▃▂▁▁▁▄▁▁▂▁▁▁▁▂▄▂▁▁▂▁▁▂▁▇▇▂▂▄▂▁▁▁▂▂▂▁▂▁▁▂▁▂▂▂▁▁▁▁▁▂▁▁▁▂▂▄▂▂▂▇▁▁▁▁▂▁▃▁▁▂▁▁▃▆▁▁▁▂▂▃▁▁▂▇▄▁▂▇▂▁▃▄▂▁▁▂▆▂▂▂▂▁▁▂▁▁▂▂▁▃▁▂▂▁▁▁▂▂▄▂▂▂▃▂▁▂▃▁▁▂▂▂▁▁▂▂▁▂▂▁▁▂▂▄▁▁▃▁▁▂▂▂▂▂▁▂▂▁▂▂▃▁▁▁▂▁▂▁▂▂▁▂▂▂▂▂█▂▂▂▄▂▁▁▁▁▁▁▇▅▁▂▂▁▁▂▁▂▂▂▂▂▃▁▄▂▅▃▇▁▄▁▁▁▃▂▂▄▁▁█▁▂▂▁▃▃▂▂▁▃▃▂▂▁▂▄▂▁▁▁▂▅▁▄▁▂▂▆▂▁▂▂▂▂▁▂▂▁▂▃▂▁▁▁▁▂▁▁▇▁▁▂▁▂▁▁▁▁▄▃▄▃▂▂▂▁▁▁▁▄▇▇▁▁▁▄▂▄▄▂▂▁▁▃▄▂▁▁▁▃▂▄▂▁▁▂▂▆▁▁▁▁▁▁▃▂▂▃▂▁▂▂▁▃▁▃▂▁▂▂▁▃▂▁▇▁▂▂▁▂▁▃▄▁▄▃▂▁▂▁▂▂▂▃▂▁▁▆▁▂▁▁▂▁▁▁▁▄▁▂▁▁▂▁▁▁▄▂▁▇▂▂▁▂▂▁▁▁▁▁▂▁▂▁▂▁▃▁▄▁▃▃▃▂▂▁▃▁▄▂▂▂▂▁▁▃▁▂▃▄▂▃▂▂▁▃▂▁▂▂▁▂▃▁▁▂▁▂▃▁▁▁▂▂▃▁▂▁▂▂▂▁▁▁▂▂▂▂▂▄▂▂▃▁▁▁▂▁▂▁▂▂▁▂▁▂▃▁▂▂▁▁▄▁▁▂▁▁▂▂▁▁▃▁▁▂▂▇▁▇▁▂▂▂▁▁▂▂▇▂▁▃▇▂▁▂▄▂▄▂▂▁▂▃▂▁▂▁▃▃▂▂▂▂▂▄▂▁▃▁▂▃▄▆▁▁▁▂▃▁▂▂▁▁▁▂▁▂▂▂▃▁▁▁▁▂▁▁▁▂▂▃▁▂▂▁▁▁▂▁▆▁▁▂▂▁▁▃▂▁▂▇▁▁▂▂▂▁▁▁▃▁▂▄▆▄▁▂▂▂▁▂▁▁▁▁▁▂▃▂▁▂▃▁▂▂▁▂▁▁▃▂▃▂▂▁▃▁▂▁▁▄▆▂▄▁▁▂▁▂▁▂▁▁▂▆▄▁▂▂▂▂▂▄▂▂▂▄▂▃▁▂▃▁▁▁▂▁▂▁▂▁▂▂▄▁▂▁▁▂▇▁▃▁▁▁▁▂▁▃
paris-70k.svg,205.13µs,149.67µs,10.38µs,2.82ms,█▄▁▁▁▁▁▁▃▁▁▁▁▁▁▁▁▁▁▅▁▁▁▁▁▁▁▁▃▁▁▁▁▁▁▁▁▁▁▁▁▁▁▁▃▂▁▁▁▁▁▁▁▁▁▂▁▁▁▁▁▄▃▁▃▁▁▃▁▁▁▁▁▁▁▁▁▁▁▁▃▁▁▁▁▁▁▁▁▁▁▁▁▁▁▁▁▁▁▁▁▁▁▁▁▁▁▂▁▁▁▁▁▁▁▁▁▁▁▁▁▁▁▁▁▃▁▁▁▁▁▁▂▁▁▁▁▁▁▁▁▁▁▁▂▁▁▁▁▁▁▁▃▁▁▄▁▂▁▁▁▁▁▁▁▁▁▁▁▂▁▁▁▁▁▁▁▁▁▁▄▁▁▁▁▁▃▁▁▃▁▁▁▁▁▁▁▃▁▂▁▁▁▁▁▁▂▁▁▁▁▁▁▁▁▂▁▁▁▁▁▁▂▁▁▁▃▁▁▁▃▃▁▁▁▁▁▁▄▁▁▁▂▁▁▁▁▁▁▁▄▁▁▃▁▁▁▁▁▁▁▁▁▁▁▁▁▁▁▁▁▁▁▁▁▁▁▁▁▁▁▁▁▁▁▁▁▁▁▁▁▁▁▁▁▁▁▁▃▁▁▁▁▁▁▁▁▁▁▃▁▁▁▁▁▁▃▁▁▁▁▁▁▁▁▁▁▁▃▂▁▁▁▁▁▁▁▁▁▁▁▁▁▃▁▁▁▁▁▁▁▂▁▁▄▃▁▁▁▁▁▁▁▁▁▁▂▁▁▁▁▁▁▁▃▁▁▁▁▁▁▁▄▁▄▁▁▁▁▁▁▁▁▁▁▁▁▁▁▁▁▁▁▁▁▁▁▁▁▁▁▁▁▁▁▁▁▁▁▁▁▁▁▂▁▁▁▁▁▁▁▁▁▁▁▁▁▁▁▁▁▁▁▃▁▁▁▁▁▁▁▁▃▁▁▁▁▁▁▁▁▁▁▁▅▃▁▁▁▁▂▁▁▁▁▁▁▁▁▁▁▁▁▁▄▁▁▁▁▄▁▁▁▁▁▁▁▁▁▁▁▁▁▁▁▁▁▁▁▁▁▁▁▁▁▁▁▁▁▁▁▂▁▁▁▁▁▁▃▁▁▁▁▁▁▁▁▁▁▁▁▁▁▁▁▁▁▁▁▁▁▁▁▁▁▁▁▂▁▁▁▁▁▁▁▁▁▁▁▂▁▁▁▁▁▁▁▁▁▁▁▁▁▁▁▁▁▁▁▁▁▁▁▁▁▁▃▁▁▁▁▁▁▁▁▁▁▁▁▄▁▁▁▂▁▁▁▁▁▁▁▁▁▁▁▁▂▁▁▁▁▁▁▁▁▁▁▁▁▁▁▃▁▁▁▃▁▃▁▁▁▁▁▃▁▁▁▁▃▁▁▁▁▁▁▁▁▁▁▂▁▁▂▃▁▁▁▁▁▁▁▁▁▁▁▁▁▁▁▁▁▁▁▁▁▁▁▁▁▁▁▁▁▁▁▁▂▁▁▁▁▁▃▁▁▁▁▁▁▂▁▁▁▁▁▁▁▁▁▁▁▁▁▁▁▁▁▁▁▁▁▄▁▁▁▁▁▁▁▁▁▁▁▁▁▁▁▁▁▁▁▁▁▁▁▁▁▁▁▁▁▁▁▁▁▂▁▁▁▁▁▁▁▁▁▁▁▁▁▁▁▁▃▁▁▁▁▁▂▃▁▁▁▁▁▁▁▁▁▁▂▁▁▁▂▁▁▁▁▁▁▁▁▁▁▁▃▁▁▂▁▁▁▁▁▁▁▁▁▃▁▃▁▁▁▁▁▁▁▁▁▁▁▁▁▁▁▁▁▁▁▁▁▁▁▁▁▁▁▁▁▁▁▁▁▁▁▁▁▁▁▁▁▁▁▁▁▁▁▁▁▁▁▁▁▃▄▁▁▁▁▁▁▁▁▁▁▁▁▁▁▁▁▁▁▁▁▁▁▁▁▁▁▁▁▁▁▁▁▁▁▁▁▁▁▃▁▁▁▁▁▁▁▁▁▁▁▁▃▁▄▁▁▁▂▁▁▁▁▁▃▁▁▁▁▁▁▁▁▁▁▁▁▁▁▁▁▁▁▁▁▁▂▃▁▁▁▁▁▁▁▁▁▁▁▁▁▁▄▁
tiger.svg,77.70µs,77.42µs,18.79µs,839.29µs,▁▁▁▁▁▁▁▁▁▁▁▁▁▂▁▁▁▁▁▁▁▁▁▁▁▁▁▂▁▁▁▁▁▁▁▁▁▁▁▁▂▁▁▁▁▁▁▁▁▁▁▁▁▁▁▁▁▁▁▁▁▁▁▁▁▁▁▁▁▁▁▁▂▁▁▁▁▁▁▁▁▁▁▁▁▁▁▁▁▁▁▁▁▁▁▁▂▁▁▁▂▁▁▁▁▁▁▁▁▁▁▁▁▁▁▁▁▁▁▁▁▁▁▁▁▁▁▁▁▁▁▁▁▁▂▁▂▁▂▂▂▁▁▁▁▁▁▁▁▁▂▂▁▂▁▁▁▂▁▁▁▁▁▁▁▁▁▁▁▁▂▁▂▁▁▁▂▁▁▁▁▁▁▁▁▁▁▁▁▁▁▁▁▁▁▁▁▁▁▂▁▂▁▁▂▁▁▁▁▁▁▁▁▁▁▁▁▁▁▂▂▂▂▂▁▁▁▁▂▁▂▁▁▂▂▁▁▁▁▁▂▁▂▁▂▁▁▁▁▂▁▂▂▁▁▁▂▂▂▂▁▂▂▂▁▂▂▁▁▂▂▂▂▂▂▂▂▂▂▂▁▂▂▂▂▁▂▂▂▂▁▁▁▁▁▁▂▁▁▂▁▁▁▁▁▂▁▂▁▂▁▂▂▂▁▂▂▂▁▁▂▂▁▁▁▁▁▁▂▁▂▁▂▂▂▂▂▂▂▂▂▂▂▂▂▂▁▁▁▂▂▁▁▁▂▁▂▁▂▂▁▂▂▂▂▂▁▂▂▂▂▂▂▂▂▂▂▂▂▂▁▂▂▂▁▂▂▂▂▂▂▂▁▂▁▂▁▁▂▂▂▂▂▂▁▂▂▂▂▂▂▂▂▂▁▁▂▂▂▂▂▂▂▂▂▂▁▂▂▂▂▂▂▂▂▂▂▁▂▂▁▂▂▂▂▂▂▂▁▂▁▁▁▂▂▂▂▂▂▂▁▂▂▂▂▂▃▂▂▂▁▂▂▂▂▂▂▁▂▂▂▁▂▂▂▂▂▂▁▂▂▂▂▂▁█▁▂▁▂▂▁▁▂▂▂▂▂▂▂▁▂▁▁▁▂▂▁▂▂▂▁▁▂▂▁▁▂▂▁▂▂▁▂▁▂▁▁▂▂▁▂▂▁▂▁▁▁▂▁▂▁▁▂▁▁▂▂▂▂▂▁▂▂▂▂▁▂▁▂▂▁▂▁▂▁▁▂▂▂▁▂▂▂▁▂▂▂▁▂▁▂▁▂▁▂▂▂▁▂▂▂▂▂▁▂▁▂▁▂▂▂▂▂▂▂▂▁▁▂▂▁▂▂▂▂▁▂▂▂▂▂▂▂▂▂▂▁▂▂▂▂▁▂▁▂▁▂▁▂▂▂▂▂▁▂▂▂▂▂▂▁▂▂▂▂▂▂▁▂▂▂▂▂▂▂▂▁▂▂▂▂▂▂▂▂▂▂▂▂▂▂▂▂▂▂▂▂▂▁▁▂▂▁▂▂▁▂▂▁▂▂▂▂▂▂▂▂▁▂▂▂▂▂▂▁▂▂▂▁▂▂▂▂▂▂▂▂▁▂▁▁▁▁▁▁▁▁▁▂▁▁▁▁▂▁▁▁▁▂▁▁▁▁▁▁▁▁▁▁▁▂▁▁▁▁▂▁▁▂▁▂▁▁▁▁▁▁▁▁▁▁▁▁▁▁▁▁▁▁▁▁▁▁▁▁▁▁▁▁▁▁▂▁▁▁▂▂▂▁▂▂▁▂▂▂▁▁▂▂▁▂▂▂▂▂▂▂▂▂▂▁▂▂▂▂▂▂▂▂▂▂▂▁▂▁▁▂▃▁▁▁▂▂▁▁▁▂▁▁▁▁▂▁▁▁▁▂▂▁▁▁▁▂▂▂▂▁▁▂▁▂▂▂▁▂▁▁▁▁▁▂▂▁▁▁▂▂▂▁▁▁▁▁▂▁▂▁▁▁▂▁▁▂▁▁▁▁▁▁▁▁▁▂▁▁▂▂▂▁▁▁▁▂▁▂▂▂▂▂▂▂▂▂▂▂▁▁▁▁▂▁▂▁▁▂▁▂▂▂▂▂▁▂▂▁▂▂▂▁▂▂▁▂▂▂▂▁▂▂▂▂▂▂▂▂▂▂▂▁
paris-50k.svg,205.89µs,146.50µs,10.04µs,1.48ms,▁█▂▂▂▂▂▂▂▂▂▂▂▂▂▂▂▂▂▂▂▂▄▂▂▁▂▂▁▂▅▂▂▂▂▂▂▄▂▂▅▂▂▂▂▂█▁▁▂▂▂▂▂▁▂▂▄▂▂▂▅▂▂▂▂▂▂▂▂▂▂▂▂▂▂▂▁▂▂▂▂▂▁▂▂▂▂▂▂▂▂▂▁▂▂▂▁▂▂▂▂▂▂▁▂▅▂▂▂▅▂█▁▂▂▁▂▂▂▂▂▂▃▂▂▂▂▁▂▂▂▂▄▂▂▂▂▂▂▂▂▂▄▂▂▂▂▁▂▂▁▂▂▂▂▂▄▁▂▂▂▂▂▂▆▂▂▅▂▅▂▁▂▂▂▂▂▂▁▂▂▂▂▂▂▂▂▄▂▂▂▂▂▂▂▂▂▄▂▂▂▄▂▂▂▆▅▂▂█▂▂▂▂▂▂▂▂▂▂▂▂▂▂▂▂▂▅▂▂▁▂▂▂▂▂▂▂▁▂▁▂▂▂▂▂▅▂▂▂▂▂▂▂▂▂▅▂▂▂▄▁▄▂▁▂▂▂▂▂▂▁▂▂▂▂▂▂▂▂▅▂▂▂▂▂▂▁▂▂▂▂▂▂▁▂▂▂▂▄▂▂▂▂▂▂▄▂▂▂▅▂▂▂▂▄▂▂▂▂▂▂▂▂▂▂▂▂▂▂▂▂▂▂▂▂▂▂▂▅▂▂▂▁▂▂▂▂▂▂▂▂▂▄▂▂▂▂▂▁▂▂▂▂▂▂▂▂▂▂▂▂▂▂▂▂▂▂▂▂▂▂▂▂▂▂▂▂▂▂▂▂▂▂▂▂▂▂▂▂▂▂▂▁▂▂▂▂▂▄▂▂▂▂▂▂▂▂▂█▂▁▂▄▂▂▂▂▂▅▂▂▂▂▂▂▂▂▁▂▂▂▂▂▂▂▁▂▂▂▂▂▂▂▂▂▁▂▂▂▄█▂▂▁▁▂▂▂▂▂▂▂▂▃▄▂▂▂▂▂▂▂▂▂▄▂▂▂▂▂▂▂▂▂▁▂▂▂▂▂▂▂▂▂▂▂▂▂▂▂▂▂▂▂▄▂▂▂▂▅▂▂▂▂▂▂▂▂▂▂▂▂▂▅▂▂▅▂▂▂▂▂▂▂▂▂▂▂▂▅▂▂▂▂▂▂▂▂▂▂▂▂▂▂▂▂▄▂▂▂▂▂▂▂▂▂▂▂▂▂▂▂▅▂▂▂▂▂▂▂▂▂▂▂▂▅▁▂▂▂▂▂▂▅▁▂▂▂▂▂▂▂▂▂▂▂▂▂▂▂▅▂▂▂█▂▂▁▁▂▂▂▂▅▂▂▂▂▂▂▂▂▂▂▂▃▂▂▂▂▂▂▂▁▂▂▂▂▂▂▂▂▂▁▂▂▂▂▂▁▂▂▂▂▂▂▂▁▇▂▁▂▄▂▂▂▂▂▂▅▂▂▂▂▄▂▅▂▂▂▂▂▂▂▂▂▂▂▂▂▂▂▁▂▂▆▂▂▂▂▂▂█▂▂▂▂▅▂▂▂▂▅▂▂▂▂▂▂▂▂▂▂▂▂▂▂▁▅▂▁▂▂▂▂▂▂▂▂▂▂▇▂▂▂▂▂▅▂█▂▂▂▂▂▂▂▂▂▁▂▂█▂▂▂▂█▂▄▁▂▂▂▂▂▂▂▂▂▂▂▂▂▂▂▂▂▂▂▁▂▂▂▂▂▂▂▂▁▂▂▂▂▂▂▄▂▂▂▂▂▁▂▁▂▁▂▂▂▂▂▂▂▂▂▂▁▂▂▂▂▅▂▂▂▂▂▁▂▂▂▂▂▂▂▂▂▂▄▂▂▃▂▂▂▁▂▂▂▂▅▂▂▄▂▁▂▄▂▂▂▂▂▂▁▂▂▂▂▂▂▂▂▂▄▂▁▂▂▂▂▂▂▂▂▃▂▂▂▂▂▂▂▂▂▂▂▂▁▂▂▂▁▂▂▂▂▂▂▂▅▂▂▂▂▂▂▂▂▂▂▂▂▂▂▂▂▂▂█▂▂▂▂▂▂▃▂█▂▂▂▂▂▂▂▁▂▂▂▂▂▂▂▂█▂▂▂▂▂▂▂▂▂▂▂
contour.svg,112.03µs,63.96µs,13.63µs,760.79µs,▁▁▁▁▁▁▁▁▁▅▁▂▂▁▁▁▁▁▂▂▁▅▁▁▁▃▂▁▁▁▅▅▂▁▁▁▅▁▁▅▅▁▁▁▁▂▁▁▂▁▅▁▃▁▁▅▂▂▅▁▁▁▁▂▁▁▁▅▁▅▂▁▁▁▁▁▅▂▅▁▅▂▁▂▃▂▅▁▅▁▄▄▅▁▁▁▂▅▁▅▅▁▂▁▁▁▁▁▂▁▂▁▅▂▂▅▁▁▅▅▁▁▁▂▁▅▅▁▁▂▅▁▅▁▂▂▅▁▁▁▁▂▅▁▅▁▅▅▂▁▁▅▁▁▁▁▂▁▁▅▂▁▁▁▁▁▂▁▂▁▂▂▁▆▂▂▁▁▁▂▁▁▂▁▁▁▁▁▁▁▁▂▁▂▅▁▁▁▁▅▁▁▁▂▁▅▁▂▁▁▁▁▂▁▁▁▂▂▅▄▁▁▁▁▁▅▁▁▅▁▅▂▃▅▁▂▂▅▁▁▁▁▁▁▁▅▁▁▁▂▁▅▁▂▂▁▁▁▁▁▁▅▁▁▅▁▁▅▁▁▁▁▁▁▅▅▁▂▁▁▂▁▂▂▁▃▁▂▂▁▅▂▁▁▁▂▁▁▁▂▂▁▁▁▁▁▂▁▁▅▅▁▁▁▂▂▁▂▂▁▂▁▁▅▁▁▁▁▁▁▂▂▁▁▁▁▁▂▁▂▁▁▂▂▂▁▁▁▁▅▁▁▁▁▅▁▂▁▂▂▂▅▁▁▁▁▅▁▁▁▅▁▂▅▁▂▁▂▁▁▁▁▁▁▁▅▇▁▁▁▁▁▁▁▁▁▁▅▁▅▁▁▃▁▂▂▁▁▅▂▁▂▁▁▁█▂▁▂▁▂▂▂▂▂▁▂▂▂▁▁▁▁▁▁▁▁▂▁▁▁▁▁▁▁▁▆▁▁▁▁▂▂▁▁▂▂▂▂▁▁▂▂▁▁▁▂▂▂▂▂▂▁▂▁▂▁▁▁▂▁▁▂▁▂▂▂▂▂▁▇▂▂▁▁▂▂▆▁▁▂▁▁▁▁▅▁▂▁▁▂▂▁▁▂▂▂▁▁▁▁▁▁▁▂▁▁▁▁▂▅▂▁▅▅▁▅▅▁▂▁▁▁▁▁▁▁▁▁▁▂▃▁▁▅▁▁▁▁▁▇█▂▁▂▁▁▁▁▂▁▁▁▁▁▁▁▂▁▁▁▄▁▁▂▁▁▁▁▁▁▃▂▅▅▂▁▂▂▂▁▁▂▁▂▁▁▁▁▁▂▁▂▂▂▁▁▂▂▂▁▁▂▂▅▂▁▁▂▁▁▁▂▂▁▂▁▁▁▁▁▇▁▁▂▁▂▁▂▁▇▂▁▁▁▂▂▂▂▁▁▁▁▂▂▁▇▂▁▂▁▂▁▁▁▁▂▁▂▁▂▂▂▂▁▂▇▅▁▅▁▂▂▁▁▂▅▁▁▁▁▂▁▁▂▂▁▁▅▁▁▁▁▁▂▁▂▁▁▁▂▂▂▁▁▁▁▅▂▁▁▁▃▁▂▁▂▁▁▁▁▂▁▁▁▁▂▁▂▁▂▂▁▁▁▅▂▂▁▁▁▁▁▂▂▇▁▇▂▂▂▇▂▂▁▂▁▁▁▁▁▁▁▂▁▁▁▁▃▂▁▁▂▁▁▂▂▂▁▁▁▂▁▁▁▁▁▁▇▁▁▂▅▁▂▁▁▅▁▂▁▁▂▁▁▁▁▂▁▁▂▂▁▁▁▂▁▁▁▁▁▁▁▁▁▁▂▁▂▁▅▁▁▂▆▂▅▁▁▂▁▂▁▂▂▁▁▂▅▅▁▃▁▁▁▁▁▁▁▂▁▁▁▂▂▁▁▁▁▂▂▁▂▁▁▃▂▁▇▁▂▁▁▁▁▁▁▂▁▂▁▂▁▁▁▅▂▁▁▂▂▁▂▁▁▇▂▂▂▂▁▁▁▁▂▁▁▁▁▂▁▂▇▁▁▂▂▁▂▁▂▂▂▁▂▂▂▁▁▁▁▁▂▁▂▁▁▁▂▇▅▂▂▃▁▂▁▁▁▁▇▁▁▂▂▁▅▇▁▁▁▂▁▁▁▁▂▁▁▁
paper-2.svg,197.94µs,97.17µs,16.29µs,793.96µs,▄▂▅▁▂▄▂▂▁▂▂▂▁▂▁▂▂▂▄▁▂▂▂▁▂▂▂▂▄▂▁▂▂▂▂▁▂▂▂▁▁▁▄▁▄▁▂▂▁▄▁▁▂▄▄▂▂▁▂▄▂▁▂▂▁▃▁▁▂▂▂▁▂▁▂▁▁▂▂▁▂▁▁▁▁▁▁▁▄▂▂▂▂▂▃▁▂▄▁▁▂▂▂▁▁▁▂▁▁▂▁▂▂▁▄▁▁▁▁▄▁▁▁▁▂▂▄▂▁▁▁▁▁▂▂▁▄▂▁▂▂▂▁▂▁▁▁▁▁▁▁▁▁▁▂▂▁▂▁▁▁▁▂▁▂▂▁▁▂▂▁▁▁▄▂▂▁▁▁▁▄▂▂▂▂▂▂▂▂▂▂▂▁▁▁▁▁▂▂▂▂▂▂▄▂▂▂▂▂▂▂▂▂▂▂▂▂▂▂▂▂▂▂▂▂▂▂▂▂▂▂▂▂▂▂▂▂▂▂▃▂▂▂▂▂▆▂▂▆▁▂▂▂▂▂▆▂▂▂▃▂▂▃▆▂▂▂▂▂▂▂▁▂▂▂▃▃▂▁▆▆▆▂▂▆▂▂▆▂▂▂▂▂▂▂▂▂▂▃▂▂▂▃▂▂▂▂▂▂▂▃▂▃▂▂▂▂▂▂▆▂▂▂▂▃▂▂▂▂▂▂▂▂▂▂▂▂▂▁▂▆▂▂▇▂▃▂▆▂▆▂▂▂▂▆▂▂▁▁▂▂▂▂▁▂▂▇▂▁▂▂▆▂▂▂▁▆▁▁▂▂▆▂▂▂▇▂▇▇▇▇▇▇▇▇▁▂▇▂▁▂▁▂▂▁▂▂▂▂▇▁▁▇▁▂▂▆▂▂▂▂▃▂▂▂▂▂▂▂▂▂▂▃▂▂▂▁▇▂▇▃▂▂▇▇▁▂▇▂▇▇▂▂▇▁▇▂▂▇▇▂▂▂▇▂▂▂▂▂▂▂▂▆▇▁▂▃▇▇▃▂▂▂▂▇▂▇▂▂▂▄▂▂▁▂▂▇▁▂▇▂▁▂▂▁▂▁▂▇▇▇▇▇▂▂▇▇▂▇▇▇▂▁▂▂▂▂▇▂▂▂▂▂▂▂▂▂▇▇▇▂▂▂▂▇▇▂▁▂▇▇▁▁▇▂▂▂▂▂▇▂▇▂▂▂▂▂▂▁▂▁▁▁▂▇▂▂▂▇▇▇▁▂▂▂▂▇▁▇▂▂▂▁▂▂▂▂▂▂▇▆▃▂▂▂▁▇▂▁▇▇▇▇▇▂▇▁▇▇▂▂▇▇▂▂▇▂▇▂▂▂▇▂▇▂▂▂▂▂▂▂▆▂▂▂▁▂▂▂▁▁▂▂▁▂▂▂▂▇▇▂▂▇▂▇▂▂▇▂▇▂▂▂▂▂▂▂▂▂▂▂▁▂▂▂▂▂▂▂▃▂▂▂▂▆▆▂▂▁▆▁▂▂▁▁▂▂▆▁▂▆▂▂▂▆▂▂▆▂▇▁▁▁▆▁▂▂▃▆▂▁▃▁▂▂▆▁▂▆▁▁▂▂▁▆▂▂▆▆▂▁▂▁▂▆▂▂▂▂▆▁▆▁▂▂▂▂▂▂▂▁▁▂▂▂▁▂▂▂▂▂▂▂▂▄▂▂▂▂▂▂▂▆▂▂▂▇▁▂▂▂▇▁▂▂▂▇▂▂▂▇▁▇▇▁▂▁▂▂▂▇▇▂▂▂▂▇▁▇▂▂▂▂▂▂▂▇▂▂▇▇▇▁▇▂▇▂▂▂▇▇▇▂▇▇▇▂▂▁▂▇▁▂▂▂▂█▇▇▁▂▁▇▇▇▁▂▂▁▇▇▂▇▂▇▂▇▂▇▂▁▁▇▂▁▇▂▇▇▂▁▂▂▂▂▁▂▇▇▂▇▂▁▇▁▂▂▂▂▂▇▂▂▇▂▂▇▇▂▇▇▂▂▂▂▇▂▂▂▇▂▇▂▂▂▂▂▂▂▂▂▂▂▂▁▇▂▁▂▇▂▁▁▆▂▂▂▂▇▇▃▂▁▇▁▇▇▇▂▇▂▂▂▂▇▂▁▂▆▂▇▂▂▂▂▁▂▂▂▂
hawaii.svg,207.43µs,226.13µs,24.04µs,535.13µs,▄▄▂▂▁▃▂▁▁▄▃▂▁▇▂▂▄▁▃▄▂▄▃▄▄▄▃▄▃▃▄▅▅▄▄▁▃▃▄▄▄█▅█▅▃▁▄▄▄▃▄▄▂▄▄▄▄▃▃▄▃▄▁▄█▇▃▁▁▃▄▃▃▄▄▄▄▄▄▄▄▄▄▃▁▄▃▃▄▄▃▃▄▃▃▁▃▄▄▄▃▂▄▄▄▄▄▁▄▃▄▄▄▄▃▄▃▃▄▄▄▄▄▄▄▄▄▄▄▃▄▄▄▃▄▄▃▄▃▄▃▄▄▃▃▄▃▄▃▄▃▇▄▄▄▃▆▃▃▄▄▃▄▃▄▄▄▄▄▄▃▃▃▅▃▄▄▄▄▆▃▂▄▄▃▁▁▁▄▄▂▃▅▄▁▃▁▄▇▄▄▄▁▄▃▄▅▄▁▄▁▃▃▅▄▄▄▄▄▄▃▃▄▃▃▄▄▄▄▃▄▁▄▁▁▁▄▂▃▁▂▂▂▃▂▂▃▃▁▂▄▁▁▃▂▁▇▃▄▁▂▂▆▁▁▂▄▃▆▃▄▃▄▄▄▄▁▁▄▄▄▄▂▁▄▅▃▃▄▄▃▄▄▅▃▄▄▄▅▄▆▃▅▃▃▄▄▄▄▄▃▃▃▄▃▃▄▃▃▄▄▄▄▄▃▃▄▄▃▄▃▄▃▃▄▃▃▄▃▄▇▃▃▄▄▃▄▄▄▅▄▅▃▄▄▄▄▅▄▄▄▄▃▄▄▃▄▄▄▄▃▄▅▅▂▃▄▃▁▁▁▄▂▂▃▄▁▁▅▄▃▃▂▃▅▄▃▄▄▄▃▅▅▁▃▄▄▃▅▅▁▁▃▃▃▃▄▂▆▃▂▃▃▅▄▄▄▄▄▅▄▁▄▄▄▄▄▃▄▄▃▄▁▄▅▁▄▂▄▁▄▁▄▄▃▄▃▂▁▁▃▄▅▃▅▃▄▄▄▃▃▄▄▇▃▄▄▃▄▄▃▅▄▆▄▄▄▄▄▄▄▄▄▃▃▄▃▃▄▄▂▄▃▂▄▅▄▄▄▃▄▄▄▃▃▄▅▄▄▆▃▅▄▄▅▇▃▄▄▄▃▄▄▁▄▄▃▄▆▄▄▄▄▄▃▄▄▄▂▁▄▄▃▄▄▃▃▂▄▄▃▃▃▄▄▃▄▂▃▁▃▃▂▁▄▃▄▄▄▄▆▄▃▃▄▂▂▄▂▂▃▁▂▃▃▂▄▄▃▄▄▄▃▄▃▄▄▇▄▄▇▄▇▄▅▄▄▄▄▄▂▇▄▄▄▄▂▂▃▁▃▄▄▃▆▃▄▄▄▂▄▄▃▃▄▄▄▃▄▂▄▄▄▄▄▃▄▃▄▄▃▃▁▄▄▄▇▄▄▄▃▄▄▅▄▄▄▄▄▄▅▇▄▃▂▄▃▂▄▃▄▄▃▆▄▇▃▃▄▃▃▄▄▄▄▇▄▃▄▄▃▃▄▅▄▅▁▄▄▄▄▄▄▄▃▅▅▄▁▁▄▂▄▁▅▄▇▄▁▄▂▄▇▃▁▁▁▄▄▂▃▃▂▁▁▃▄▃▄▄▄▄▄▁▄▅▄▂▄▃▄▁▄▃▄▅▄▅▃▅▃▁▄▇▃▃▄▄▄▃▃▄▄▄▃▄▄▅▄▃▄▄▄▃▁▁▄▁▂▂▄▁▄▃▄▃▄▄▄▃▃▃▃▄▄▃▃▃▄▃▃▄▄▇▃▃▄▁▄▃▄▄▄▁▄▁▄▄▄▁▄▃▄▇▁▄▃▇▃▃▁▄▄▂▂▄▃▃▁▄▁▄▄▃▄▅▄▁▁▄▄▂▄▃▄▁▁▃▄▄▄▁▄▁▄▄▃▄▁▂▄▂▄▃▁▁▁▁▄▄▂▃▁▄▁▄▄▄▄▄▃▄▄▄▃▄▄▄▄▂▄▄▂▄▇▄▆▁▃▆▇▄▆▄▁▁▆▄▂▆▁▁▁▁▃▄▂▃▁▁▁▃▃▃▄▇▇▄▅▄▄▃▄▄▄▄▇▄▃▃▄▄▄▄▄▄▃▄▃▃▄▄▅▃▄▄▁▄▂
paper-1.svg,165.77µs,106.08µs,19.17µs,530.13µs,▂▂▂▂▂▂▂▁▂▄▁▁▂▁▂▂▁▂▃▂▂▄▂▁▂▂▁▂▂▁▂▁▂▁▄▄▁▂▃▂▂▂▂▁▃▂▃▂▁▂▂▁▂▂▁▂▂▂▂▁▂▁▂▃▁▂▁▂▁▂▂▁▂▁▂▂▁▂▁▃▂▄▂▂▃▆▂▂▅▂▂▁▂▂▂▁▂▂▁▂▃▂▃▃▂▂▁▃▃▂▃▂▂▂▂▃▂▃▂▃▂▃▃▂▆▂▂▃▃▆▂▃▁▂▃▂▃▂▂▃▂▁▂▂▂▂▂▂▂▂▂▂▃▂▃▂▂▂▃▂▂▂▆▂▅▂▂▂▆▂▃▂▃▁▃▂▂▃▂▂▂▂▂▆▂▃▃▂▂▃▂▃▂▃▃▂▃▁▂▃▃▂▆▃▂▂▅▂▆▃▆▂▃▂▂▂▁▃▂▂▂▂▆▂▃▂▃▃▂▃▂▂▃▂▂▃█▂▃▃▂▆▂▂▂▂▃▆▆▂▂▂▃▂▃▂▂▂▁▂▃▁▂▂▃▂▂▂▂▂▂▂▂▂▂▆▂▂▂▂▂▃▆▆▇▂▂▂▂▂▂▂▂▆▅▆▆▆▆▃▂▂▂▂▂▇▂▃▂▃▂▇▂▃▂▂▂▂▄▃▂▆▂▂▂▃▆▃▂▂▂▂▂▆▆▂▂▂▆▂▃▂▂▂▂▇▂▆▅▃▂▃▂▂▂▃▂▂▂▂▃▂▂▂▂▂▂▂▃▂▃▂▂▆▂▆▆▂▃▁▃▁▃▅▃▃▃▃▂▂▆▃▃▂▂▄▂▃▂▆▂▃▂▂▂▂▂▃▂▂▂▆▂▂▂▃▂▂▂▂▂▂▆▆▁▆▂▃▂▂▂▂▂▂▂▂▂▁▆▃▂▁▂▂▂▆▇▃▆▂▂▂▁▂▂▂▃▂▄▆▂▂▂▆▂▂▂▂▆▂▆▂▂▂▆▂▆▃▂▂▁▂▆▆▆▁▂▆▃▂▂▂▃▂▇▂▂▂▂▆▆▃▆▂▂▂▂▂▂▅▂▆▆▂▃▂▇▂▆▂▃▆▇▂▃▂▂▂▂▆▂▂▂▂▂▂▆▃▂▂▂▁▃▂▂▆▂▃▂▃▂▄▂▃▂▂▂▂▂▃▂▂▂▂▂▂▂▆▃▂▂▂▂▆▃▂▆▂▂▂▃▂▆▂▂▂▂▆▂▂▆▂▂▂▂▆▆▂▇▂▂▂▆▂▂▂▂▂▂▂▂▂▂▂▂▂▂▂▂▂▂▂▇▂▃▃▂▂▁▃▂▃▄▃▂▃▂▆▂▃▂▂▃▂▂▆▂▇▇▂▃▂▂▆▆▂▆▆▂▂▇▂▇▆▂▂▂▆▃▂▃▆▇▂▇▂▆▂▂▆▂▂▂▆▃▂▆▆▇▂▂▂▄▂▃▆▂▂▂▂▂▃▂▃▂▇▂▂▂▂▂▃▃▆▂▃▂▂▆▆▆▆▂▆▃▂▄▂▆▆▂▂▂▂▂▃▂▆▂▃▂▆▃▂▆▃▂▂▂▆▂▂▂▆▂▃▆▃▂▂▂▆▂▂▂▆▃▂▂▂▂▂▂▆▆▂▂▂▂▆▂▄▂▄▂▃▂▂▂▂▂▂▂▂▂▆▄▆▂▆▃▂▂▆▆▆▇▂▇▂▂▂▂▂▆▆▇▂▄▂▃▇▂▆▆▆▂▂▂▂▆▆▂▃▂▆▂▂▂▆▆▆▆▂▆▇▂▃▆▂▂▂▆▆▆▂▂▆▂▆▂▂▆▂▂▂▂▂▂▂▂▂▃▂▂▂▂▂▂▂▂▃▇▆▂▂▂▂▂▂▂▂▆▂▂▂▂▂▄▂▆▂▂▂▆▂▂▃▂▆▆▂▆▂▂▆▂▂▂▆▂▃▂▃▇▂▂▂▂▆▂▃▂▂▂▃▃▂▂▃▂▆▃▂▂▄▂▃▃▃▇▃▃▃▂▆▂▆▂▂▂▂▂▂▃▂▂▂▇▂▂▂▃▂▂▆▇▂▂▆▂▆▂▃▂▂▆▂▃▂▂▆▂▂▃▃▂▂▆▆
drops.svg,95.80µs,82.04µs,22.58µs,14.44ms,▁▁▁▁▁▁▁▁▁▁▁▁▁▁▁▁▁▁▁▁▁▁▁▁▁▁▁▁▁▁▁▁▁▁▁▁▁▁▁▁▁▁▁▁▁▁▁▁▁▁▁▁▁▁▁▁▁▁▁▁▁▁▁▁▁▁▁▁▁▁▁▁▁▁▁▁▁▁▁▁▁▁▁▁▁▁▁▁▁▁▁▁▁▁▁▁▁▁▁▁▁▁▁▁▁▁▁▁▁▁▁▁▁▁▁▁▁▁▁▁▁▁▁▁▁▁▁▁▁▁▁▁▁▁▁▁▁▁▁▁▁▁▁▁▁▁▁▁▁▁▁▁▁▁▁▁▁▁▁▁▁▁▁▁▁▁▁▁▁▁▁▁▁▁▁▁▁▁▁▁▁▁▁▁▁▁▁▁▁▁▁▁▁▁▁▁▁▁▁▁▁▁▁▁▁▁▁▁▁▁▁▁▁▁▁▁▁▁▁▁▁▁▁▁▁▁▁▁▁▁▁▁▁▁▁▁▁▁▁▁▁▁▁▁▁▁▁▁▁▁▁▁▁▁▁▁▁▁▁▁▁▁▁▁▁▁▁▁▁▁▁▁▁▁▁▁▁▁▁▁▁▁▁▁▁▁▁▁▁▁▁▁▁▁▁▁▁▁▁▁▁▁▁▁▁▁▁▁▁▁▁▁▁▁▁▁▁▁▁▁▁▁▁▁▁▁▁▁▁▁▁▁▁▁▁▁▁▁▁▁▁▁▁▁▁▁▁▁▁▁▁▁▁▁▁█▁▁▁▁▁▁▁▁▁▁▁▁▁▁▁▁▁▁▁▁▁▁▁▁▁▁▁▁▁▁▁▁▁▁▁▁▁▁▁▁▁▁▁▁▁▁▁▁▁▁▁▁▁▁▁▁▁▁▁▁▁▁▁▁▁▁▁▁▁▁▁▁▁▁▁▁▁▁▁▁▁▁▁▁▁▁▁▁▁▁▁▁▁▁▁▁▁▁▁▁▁▁▁▁▁▁▁▁▁▁▁▁▁▁▁▁▁▁▁▁▁▁▁▁▁▁▁▁▁▁▁▁▁▁▁▁▁▁▁▁▁▁▁▁▁▁▁▁▁▁▁▁▁▁▁▁▁▁▁▁▁▁▁▁▁▁▁▁▁▁▁▁▁▁▁▁▁▁▁▁▁▁▁▁▁▁▁▁▁▁▁▁▁▁▁▁▁▁▁▁▁▁▁▁▁▁▁▁▁▁▁▁▁▁▁▁▁▁▁▁▁▁▁▁▁▁▁▁▁▁▁▁▁▁▁▁▁▁▁▁▁▁▁▁▁▁▁▁▁▁▁▁▁▁▁▁▁▁▁▁▁▁▁▁▁▁▁▁▁▁▁▁▁▁▁▁▁▁▁▁▁▁▁▁▁▁▁▁▁▁▁▁▁▁▁▁▁▁▁▁▁▁▁▁▁▁▁▁▁▁▁▁▁▁▁▁▁▁▁▁▁▁▁▁▁▁▁▁▁▁▁▁▁▁▁▁▁▁▁▁▁▁▁▁▁▁▁▁▁▁▁▁▁▁▁▁▁▁▁▁▁▁▁▁▁▁▁▁▁▁▁▁▁▁▁▁▁▁▁▁▁▁▁▁▁▁▁▁▁▁▁▁▁▁▁▁▁▁▁▁▁▁▁▁▁▁▁▁▁▁▁▁▁▁▁▁▁▁▁▁▁▁▁▁▁▁▁▁▁▁▁▁▁▁▁▁▁▁▁▁▁▁▁▁▁▁▁▁▁▁▁▁▁▁▁▁▁▁▁▁▁▁▁▁▁▁▁▁▁▁▁▁▁▁▁▁▁▁▁▁▁▁▁▁▁▁▁▁▁▁▁▁▁▁▁▁▁▁▁▁▁▁▁▁▁▁▁▁▁▁▁▁▁▁▁▁▁▁▁▁▁▁▁▁▁▁▁▁▁▁▁▁▁▁▁▁▁▁▁▁▁▁▁▁▁▁▁▁▁▁▁▁▁▁▁▁▁▁▁▁▁▁▁▁▁▁▁▁▁▁▁▁▁▁▁▁▁▁▁▁▁▁▁▁▁▁▁▁▁▁▁▁▁▁▁▁▁▁▁▁▁▁▁▁▁▁▁▁▁▁▁▁▁▁▁▁▁▁▁▁▁▁▁▁▁▁▁▁▁▁▁▁▁▁▁▁▁▁▁▁▁▁▁▁
car.svg,142.42µs,143.75µs,15.04µs,258.96µs,▅▂▂▃▄▄▄▄▄▄▄▅▄▄▅▅▅▅▅▅▅▅▅▅▅▅▅▅▅▅▅▅▄▅▅▄▅▄▅▄▄▅▅▄▄▃▅▄▄▃▄▄▅▃▅▄▅▅▄▅▅▅▅▅▄▅▅▅▅▄▅▅▅▅▅▅▅▅▅▅▄▂▄▄▅▄▄▄▄▅▅▅▄▄▅▄▄▄▅▅▅▅▅▅▅▅▄▅▅▅▄▅▅▅▅▅▄▅▅▅▅▅▅▅▅▅▄▆▅▅▄▄▅▅▅▄▅▅▅▄▅▅▅▅▅▅▅▅▅▅▅▅▅▅▁▄▄▃▄▃▄▃▅▁▅▁▃▅▁▅▅▅▅▃▅▅▄▄▄▅▅▅▅▃▅▅▅▅▆▅▅▆▄▇▅▅▅▅▅▃▃▅▃▅▅▅▅▅▄▅▅▅▄▅▅▅▄▅▅▅▅▄▅▅▅▅▅▅▄▅▅█▅▅▃▅▅▅▅▄▅▅▄▄▃▅▄▅▅▃▅▄▅▅▃▄▅▅▅▃▃▅▅▅▅▅▅▅▅▅▅▅▅▅▅▅▅▅▃▅▅▅▄▅▅▃▄▅▃▄▅▅▅▅▅▅▅▅▅▅▅▅▂▅▅▅▅▅▅▅▅▅▅▅▅▅▄▅▅▅▅▅▅▄▅▅▅▅▃▅▄▄▃▅▅▅▃▅▄▅▃▅▄▅▅▅▅▅▅▂▄▅▅▅▃▅▅▅▅▃▅▅▅▅▅▅▅▅▄▄▃▄▄▃▅▄▄▃▅▄▅▅▅▅▄▅▅▅▅▅▅▅▅▅▅▄▅▅▅▅▅▅▅▅▄▄▄▅▄▄▅▅▅▅▇▅▄▃▅▅▅▅▅▄▆▅▅▅▅▆▅▅▅▅▅▅▄▅▅▅▅▂▅▅▅▄▅▅▆▅▅▃▅▃▅█▅▅▅▅▅▅▅▅▅▅▅▅▅▅▄▅▃▅▅▅▅▅▄▅▅▄▅▅▅▅▅▅▅▅▅▅▅▅▅▅▅▅▅▅▅▅▇▅▅▅▅▅▅▅▅▅▅▄▅▅▅▅▆▅▅▅▅▅▆▅▅▅█▅▅▅▅▅▅▅▅▅▅▅▄▄▅▅▅▄▄▅▅▅▅▅▅▅▅▅▅▅▅▅▅▅▅▅▄▄▅▅▅▅▅▅▄▄▅▅▄▄▄▅▅▅▄▅▄▃▅▄▅▅▂▃▅▅▅▇▅▅▅▄▅▅▄▄▅▅▅▅▅▅▅▅▅▅▅▅▄▅▅▅▅▅▅▅▄▄▄▄▅▅▄▄▅▅▄▅▅▅▅▅▅▅▅▅▅▅▅▅▅▄▅▅▅▅▄▅▄▅▅▅▄▅▅▂▃▄▄▄▅▅▅▄▅▅▅▅▅▅▅▄▄▄▅▅▅▄▄▅▅▅▅█▄▅▅▅▅▅▅▅▅▅▅▅▅▅▅▃▅▅▅▅▅▅▅▅▄▄▅▅▅▅▅▅▅▅▅▅▅▅▅▅▅▅▄▅▄▄▅▅▅▅▅▅▅▅▅▅▅▅▅▅▅▅▅▅▅▅▅▅▅▅▅▅▅▅▅▅▅▅▅▇▅▅▅▅▅▅▅▅▅▅▅▅▄▅▄▅▅▅▅▅▄▅▅▅▅▅▅▅▅▅▅▅▅▅▅▅▁▁▄▃▄▄▄▄▇▃▄▃▃▄▄▄▃▅▅▅▃▅▇▅▄▅▅▇▅▄▅▅▄▄▅▅▅▅▅▅▅▅▅▅▅▅▅▃▅▅▅▅▅▃▅▄▅▄▅▅▅▅▅▅▅▅▅▅▅▅▅▅▅▆▅▄█▅▅▅▅▅▅▅▅▅▅▅▅▅▅▅▅▅▅▅▅▅▅▅▅▅▅▄▅▄▅▄▅▅▄▄▄▅▅▅▅▅▄▅▅▅▅▅▅▅▅▅▅▅▅▅▅▅▅▅▄▅▅▄▅▅▅▅▅▅▅▄▅▅▃▄▅▄▅▄▅▅▅▅▅▅▅▅▅▅▅▅▄▅▅▅▅▅▅▅▅▅▅▄▅▅▅▅▅▅▅▅▅▅▅▅
reschart.svg,105.96µs,114.25µs,19.00µs,282.42µs,▄▃▂▂▄▂▁▂▃▃▃▃▃▃▃▃▂▃▃▂▁▃▃▃▃▂▃▃▂▁▃▄▃▃▃▃▃▄▃▃▂▃▂▃▂▃▂▃▂▃▃▂▃▃▃▃▃▃▃▆▃▃▂▃▃▃▃▃▃▃▃▃▃▃▃▃▃▂▃▃▄▃▂▃▃▃▃▂▂▂▂▂▃▂▃▂▃▃▃▂▃▃▃▃▃▃▁▃▂▂▃▁▂▂▁▂▂▂▂▃▂▃▃▃▃▃▃▃▂▂▃▂▃▃▃▃▃▂▃▃▃▆▃▃▂▃▃▃▄▂▃▂▃▂▃▃▂▃▄▂▃▃▆▂▂▁▃▃▂▃▃▃▃▁▄▄▂▃▃▂▂▃▁▂▃▃▃▃▃▄▁▂▃▃▂▂▂▂▂▂▅▃▄▃▂▁▂▃▃▂▄▃▂▁▂▂▂▂▂▃▂▃▃▂▂▂▁▂▁▂▂▃▁▂▃▃▁▂▂▁▃▃▃▃▃▃▃▃▂▂▂▃▃▃▂▃▃▄▂▃▁▃▂▃▃▃▂▃▃▂▂▃▂▃▁▃▂▂▂▂▃▁▃▃▂▃▁▄▃▂▄▃▂▂▂▃▂▃▂▂▂▂▃▂▂▂▃▃▂▃▃▂▃▃▂▃▃▃▂▂▁▃▃▂▄▂▃▃▄▃▄▄▄▃▄▄▄▄▄▄▄▃▄▂▄▂▄▄▄▄▄▄▃▅▄▃▄▄▄▃▃▂▃▃▃▃▃▂▃▃▄▄▄▄▄▄▄▄▅▃▄▄▅▄▄▄▄▄▄▄▄▄▄▄▂▄▄▃▄▄▄▄▄▂▅▄▄▄▃▄▄▄▄▄▄▄▄▃▄▄▄▄▃▄▄▄▄▄▄▄▄▄▄▄▄▄▄▄▄▃▄▄▄▂▄▃▄▂▄▄▄▄▃▄▄▄▄▄▄▄▄▄▄▄▄▄▄▄▄▄▄▄▃▄▄▄▄▄▄▄▄▃▄▄▄▄▅▅▄▃▄▃▄▄▃▃▄▄▄▃▄▄▇▃▃▃▂▃▄▄▄▄▄▄▄▃▄▄▅▃▄▄▄▅▃▄▄▄▄▄▃▃▄▄▃▅▄▄▄▄▄▃▅▄▇▄▂▄▄▄▃▂▄▄▄▇▄▃▄▄▄▄▄▄▄▄▃▄▃▂▃▄▄▄▄█▄▃▄▃▄▄▅▃▄▃▃▃▃▃▃▃▄▃▃▃▃▂▃▂▃▂▂▃▃▃▃▃▄▄▄▃▄▂▃▄▄▃▄▂▄▃▄▄▄▄▄▄▄▄▄▄▄▄▄▄▅▄▄▄▄▄▄▄▄▄▄▄▄▄▄▄▄▄▄▄▄▄▄▄▃▅▄▂▄▄▄▄▄▄▄▂▃▃▂▄▂▄▄▃▄▄▄▄▄▂▄▄▄▄▅▅▃▄▄▄▄▄▅▃▃▄▄▄▄▃▃▅▄▃▄▃▃▄▄▄▄▄▄▄▄▃▄▄▄▄▄▃▃▄▃▃▄▄▄▃▄▄▄▄▄▄▄▃▃▂▂▄▂▄▄▄▄▇▃▂▂▄▄▃▃▄▃▃▄▄▄▄▄▄▄▄▄▃▃▄▄▄▃▄▄▄▂▄▄▄▄▄▄▄▅▃▃▂▄▄▄▄▄▄▄▄▄▄▄▃▂▃▄▂▄▄▄▄▄▄▄▅▄▃▄▄▄▄▃▃▃▃▄▃▄▄▄▄▄▄▄▄▄▂▅▄▄▄▄▄▄▃▄▄▅▃▄▄▄▄▄▂▄▄▄▄▄▄▄▄▄▆▃▃▃▄▄▅▃▄▂▄▃▃▄▄▄▄▄▄▄▄▄▄▄▄▄▄▄▂▄▄▄▄▄▄▄▄▄▄▄▂▄▂▄▃▄▄▄▄▄▄▄▄▄▄▄▄▅▂▄▄▄▄▄▄▄▄▂▃▃▃▂▄▄▄▄▄▄▄▄▄▄▄▄▄▂▄▃▃▂▄▂▄▄▄▄▄▅▄▄▃▄▄▄▄▄▄▄▄▂▄▂▄▄▄▂▄▄▄▄▂▄▄▄▃▄▄▄▄▃▃▃▄
boston.svg,216.51µs,223.54µs,22.04µs,410.50µs,▅█▃▃▁▄▃▃▁▃▄▄▄▅▄▄▄▅▄▃▄▄▅▄▄▄▃▄▄▄▅▅▅▅▆▆▆▄▆▅▅▁▇▆▄▆▅▅▆▄▅▅▆▅▆▄▆▆▅▅▅▆▅▄▅▅▇▅▅▅▄▄▅▅▄▅▃▅▄▅▅▇▅▅▅▅▅▅▅▄▅▄▅▆▅▄▅▁▅▃▄▄▅▄▄▄▄▄▄▄▄▃▄▃▄▃▃▅▄▄▄▆▄▅▅▅▄▆▆▆▄▅▅▄▅▁▄▅▅▆▅▅▄▅▅▅▄▅▆▅▅▄▇▅▄▅▅▆▅▅▆▅▆▁▅▆▅▅▅▄▅▄▄▇▆▆▆▇▆▃▆▅▅▁▆▄▅▅▄▄▄▇▆▄▁▅▄▄▄▄▄▄▃▄▅▄▅▅▅▅▄▅▄▄▅▅▃▅▅▄▄▄▄▄▅▄▆▅▅▄▅▄▅▅▄▅▆▆▆▆▆▅▅▆▆▅▁▅▄▅▅▅▅▅▅▆▇▆▅▅▅▄▆▅▄▄▄▄▅▅▄▄▅▅▅▅▅▅▅▆▅▆▅▅▅▅▅▇▆▅▆▅▆▅▆▅▅▅▅▅▅▅▅▄▅▆▅▅▆▅▆▅▆▇▅▅▆▇▆▅▅▆▅▅▆▅▆▅▇▆▅▅▅▄▅▆▅▆▇▄▅▅▅▆▃▄▃▃▄▅▄▄▄▄▄▄▁▄▄▄▃▁▃▄▃▁▅▅▄▅▅▄▄▅▄▄▅▆▅▅▄▄▅▆▅▅▅▆▅▆▅▅▄▅▆▄▄▅▃▄▄▄▄▄▄▄▅▄▅▄▅▅▄▅▄▄▅▅▅▅▅▅▅▄▆▅▄▇▅▆▅▅▆▅▇▅▅▄▅▁▅▆▅▅▅▅▄▄▄▅▅▅▄▅▅▄▅▅▁▅▅▅▅▅▅▁▇▆▆▅▁▅▆▆▅▇▆▅▅▅▆▅▄▅▁▇▅▄▅▅▅▅▅▅▃▃▄▃▄▄▄▄▅▄▄▁▄▃▄▃▄▄▄▃▄▄▄▅▅▅▅▅▅▆▅▄▆▁▆▆▅▅▆▅▆▄▅▅▅▆▅▆▆▄▅▄▇▅▅▄▅▅▁▆▅▆▆▅▄▅▁▄▅▅▄▄▅▅▄▄▇▅▁▄▅▄▅█▄▄▆▁▄▄▅▅▄▆▄▆▅▆▅▅▇▄▄▄▄▄▄▄▃▄▅▄▆▅▅▄▅▅▅▅▅▅▁▅▆▅▅▁▆▅▁▇▆▁▄▆▄▇▄▆▅▆▄▆▅▅▁▅▆▅▆▄▅▆▆▄▇▅▇▆▅▅▅▄▄▄▄▄▄▅▄▄▄▄▅▄▄▃▄▄▄▄▄▄▅▄▄▄▅▃▃▁▃▄▄▄▄▃▄▅▅▃▅▃▄▃▄▄▄▃▄▄▄▃▅▃▄▃▅▄▄▄▃▄▃▄▅▃▅▄▄▃▄▅▄▄▅▄▅▄▅▄▃▁▃▁▁▅▄▅▄▅▅▅▄▁▃▄▄▅▃▃▁▄▄▄▅▄▄▄▄▄▅▄▅▇▄▄▄▅▅▄▆▅▅▅▆▅▆▅▁▃▃▄▃▄▃▄▃▄▄▃▄▃▄▄▅▁▄▄▁▃▁▅▆▄▅▄▃▄▅▆▄▅▅▄▅▄▅▅▄▅▅▁▄▆▄▅▅▄▄▄▄▄▅▅▅▄▅▄▅▄▅▇▇▅▄▅▄▁▅▆▄▅▆▆▅▅▁▅▅▅▁▅▅▅▅▆▅▅▅▄▄▄▄▄▄▄▆▄▅▅▄▅▇▅▅▅▅▄▁▅▄▁▄▄▆▄▅▆▃▇▆▆▆▅▆▅▄▆▆▅▇▄▄▅▄▅▄▅▅▁▅▆▅▅▁▅▅▄▅▄▅▇▅▄▆▄▄▅▄▅▅▄▇▅▅▅▇▁▆▃▆▄▃▃▅▄▄▄▃▄▄▅▄▅▄▃▄▄▄▁▄▄▄▅▃▄▄▄▄▃▄▃▄▄▄▄▅▄▄▅▆▅▄▄
